FID,id,toilet_lokalitet,vejnavn,hus_nr,post_nr,adresse,toilet_betegnelse,handicapadgang,helaarsaabent,aftenlaasning,mandag,tirsdag,onsdag,torsdag,fredag,loerdag,soendag,doegnaabent,bemaerkning,utm_x,utm_y,longitude,latitude,data_opdatering,status,wkb_geometry
toilet_tmf_kk.1,150,Nyhavn,Nyhavn,1F,1051,"Nyhavn 1F, 1051 København K",Toilet med personale,Nej,Ja,Personale låser,9.00 - 22.30,9.00 - 22.30,9.00 - 22.30,9.00 - 22.30,9.00 - 22.30,9.00 - 22.30,9.00 - 22.30,Nej,Info om jul/nytår offentliggøres medio december hvert år.,725549.01293957,6176364.57445057,12.587758,55.680573,3.kvartal 2019,aktiv,MULTIPOINT ((12.587758447732242 55.680572606029195))
toilet_tmf_kk.2,151,Nyhavn ,Nyhavn,28,1051,"Nyhavn 28, 1051 København K",Pissoir,Nej,Nej- Vinterlukket fra 1/10 til 31/3,Nej,Døgnåbent,Døgnåbent,Døgnåbent,Døgnåbent,Døgnåbent,Døgnåbent,Døgnåbent,Ja,Lukkes når frosten kommer,725758.73478924,6176261.27145096,12.591002,55.679549,3.kvartal 2019,aktiv,MULTIPOINT ((12.591002119592353 55.679548770837904))
toilet_tmf_kk.3,152,Nyhavn,Nyhavn,47C,1051,"Nyhavn 47C, 1051 København K",Pissoir,Nej,Nej- Vinterlukket fra 1/10 til 31/3,Nej,Døgnåbent,Døgnåbent,Døgnåbent,Døgnåbent,Døgnåbent,Døgnåbent,Døgnåbent,Ja,Lukkes når frosten kommer,725771.10354904,6176291.33297555,12.591223,55.679813,3.kvartal 2019,aktiv,MULTIPOINT ((12.591223159241357 55.67981260610127))
toilet_tmf_kk.4,153,Havnegade,Havnegade,20,1058,"Havnegade 20, 1058 København K",Toilet med handicapadgang,Ja,Ja,Nej,Døgnåbent,Døgnåbent,Døgnåbent,Døgnåbent,Døgnåbent,Døgnåbent,Døgnåbent,Ja,0,725617.78770049,6175896.28476682,12.588465,55.676341,3.kvartal 2019,aktiv,MULTIPOINT ((12.588465065842694 55.676341140845196))
toilet_tmf_kk.5,154,Ved Stranden ,Ved Stranden,18A,1061,"Ved Stranden 18A, 1061 København K",Toilet med handicapadgang,Ja,Ja,Nej,Døgnåbent,Døgnåbent,Døgnåbent,Døgnåbent,Døgnåbent,Døgnåbent,Døgnåbent,Ja,0,725135.71383939,6176009.06883439,12.580907,55.677576,3.kvartal 2019,aktiv,MULTIPOINT ((12.580906970308178 55.67757624015171))
toilet_tmf_kk.6,155,Nikolaj Plads ,Nikolaj Plads,10b,1067,"Nikolaj Plads 10b, 1067 København K",Pissoir,Nej,Nej- Vinterlukket fra 1/10 til 31/3,Nej,Døgnåbent,Døgnåbent,Døgnåbent,Døgnåbent,Døgnåbent,Døgnåbent,Døgnåbent,Ja,Lukkes når frosten kommer,725187.1666263,6176170.95102126,12.581856,55.679004,3.kvartal 2019,aktiv,MULTIPOINT ((12.581856383101117 55.679004125267966))
toilet_tmf_kk.7,156,Grå Brødre Torv,Kejsergade 6,6,1155,"Kejsergade 6 6, 1155 København K",Toilet med handicapadgang,Ja,Ja,Nej,Døgnåbent,Døgnåbent,Døgnåbent,Døgnåbent,Døgnåbent,Døgnåbent,Døgnåbent,Ja,0,724779.02509514,6176259.09574978,12.575451,55.679984,3.kvartal 2019,aktiv,MULTIPOINT ((12.575450815033388 55.67998365257922))
toilet_tmf_kk.8,157,Amagertorv ,Amagertorv,1F,1160,"Amagertorv 1F, 1160 København K",Toilet med personale,Nej,Ja,Personale låser,9.00 - 22.30,9.00 - 22.30,9.00 - 22.30,9.00 - 22.30,9.00 - 22.30,9.00 - 22.30,9.00 - 22.30,Nej,Info om jul/nytår offentliggøres medio december hvert år.,725043.61115731,6176143.62235465,12.579556,55.678826,3.kvartal 2019,aktiv,MULTIPOINT ((12.579555561066043 55.67882557964826))
toilet_tmf_kk.9,158,Vor frue plads,Dyrkøb,2,1166,"Dyrkøb 2, 1166 København K",Toilet,Nej,Ja,Nej,Døgnåbent,Døgnåbent,Døgnåbent,Døgnåbent,Døgnåbent,Døgnåbent,Døgnåbent,Ja,0,724662.33246142,6176177.54915372,12.573532,55.679306,3.kvartal 2019,aktiv,MULTIPOINT ((12.57353193465131 55.6793063396043))
toilet_tmf_kk.10,159,Kultorvet ,Kultorvet,9B,1175,"Kultorvet 9B, 1175 København K",Toilet med handicapadgang,Ja,Ja,Nej,Døgnåbent,Døgnåbent,Døgnåbent,Døgnåbent,Døgnåbent,Døgnåbent,Døgnåbent,Ja,0,724675.74500591,6176512.41419977,12.574019,55.682303,3.kvartal 2019,aktiv,MULTIPOINT ((12.574018982480842 55.68230318094182))
toilet_tmf_kk.11,160,"Christiansborg Slotsplads, Holmens Bro",Christiansborg Slotsplads,2,1218,"Christiansborg Slotsplads 2, 1218 København K",Toilet,Nej,Ja,Nej,Døgnåbent,Døgnåbent,Døgnåbent,Døgnåbent,Døgnåbent,Døgnåbent,Døgnåbent,Ja,0,725219.61070231,6175905.72681846,12.582154,55.676611,3.kvartal 2019,aktiv,MULTIPOINT ((12.582153675700967 55.67661059155172))
toilet_tmf_kk.12,161,Borgergade ,Borgergade,1F,1300,"Borgergade 1F, 1300 København K",Toilet med handicapadgang,Ja,Ja,Nej,Døgnåbent,Døgnåbent,Døgnåbent,Døgnåbent,Døgnåbent,Døgnåbent,Døgnåbent,Ja,0,725285.94231753,6176521.12219852,12.583712,55.682099,3.kvartal 2019,aktiv,MULTIPOINT ((12.583711551841619 55.68209859729619))
toilet_tmf_kk.13,162,"Nyboder, Gammel Vagt",Olfert fischers gade ,40,1311,"Olfert fischers gade  40, 1311 København K",Toilet,Nej,Ja,Ja,Ca. 9.00 - 21.00 (19.00 om vinteren),Ca. 9.00 - 21.00 (19.00 om vinteren),Ca. 9.00 - 21.00 (19.00 om vinteren),Ca. 9.00 - 21.00 (19.00 om vinteren),Ca. 9.00 - 21.00 (19.00 om vinteren),Ca. 9.00 - 21.00 (19.00 om vinteren),Ca. 9.00 - 21.00 (19.00 om vinteren),Nej,0,725369.90831384,6177140.51444103,12.585553,55.687614,3.kvartal 2019,aktiv,MULTIPOINT ((12.585553120956142 55.68761423178274))
toilet_tmf_kk.14,163,Nørreport station,Nørre Voldgade,15B,1358,"Nørre Voldgade 15B, 1358 København K",Toilet med personale og handicapadgang,Ja,Ja,Personale låser,08.00 - 22.00,08.00 - 22.00,08.00 - 22.00,08.00 - 22.00,08.00 - 22.00,08.00 - 22.00,08.00 - 22.00,Nej,Info om jul/nytår offentliggøres medio december hvert år.,724504.76560405,6176586.79422861,12.571366,55.683049,3.kvartal 2019,aktiv,MULTIPOINT ((12.571365922935339 55.68304928708252))
toilet_tmf_kk.15,164,Nørreport station,Nørre Voldgade,15B,1358,"Nørre Voldgade 15B, 1358 København K",Pissoir,Nej,Ja,Nej,Døgnåbent,Døgnåbent,Døgnåbent,Døgnåbent,Døgnåbent,Døgnåbent,Døgnåbent,Ja,0,724500.14697298,6176585.22497276,12.571291,55.683037,3.kvartal 2019,aktiv,MULTIPOINT ((12.571291326969368 55.683037349192986))
toilet_tmf_kk.16,165,Israels Plads,Frederiksborggade,21,1360,"Frederiksborggade 21, 1360 København K",Toilet med personale,Nej,Ja,Personale låser,08.00 - 22.00,08.00 - 22.00,08.00 - 22.00,08.00 - 22.00,08.00 - 22.00,08.00 - 22.00,08.00 - 22.00,Nej,Info om jul/nytår offentliggøres medio december hvert år.,724378.55929445,6176719.04293485,12.569471,55.684294,3.kvartal 2019,aktiv,MULTIPOINT ((12.56947078985676 55.684293616499765))
toilet_tmf_kk.17,166,"Ørstedsparken, tæt på legeplads",Nørre Farimagsgade,2A,1364,"Nørre Farimagsgade 2A, 1364 København K",Toilet med handicapadgang,Ja,Ja,Ja,Ca. 9.00 - 21.00 (19.00 om vinteren),Ca. 9.00 - 21.00 (19.00 om vinteren),Ca. 9.00 - 21.00 (19.00 om vinteren),Ca. 9.00 - 21.00 (19.00 om vinteren),Ca. 9.00 - 21.00 (19.00 om vinteren),Ca. 9.00 - 21.00 (19.00 om vinteren),Ca. 9.00 - 21.00 (19.00 om vinteren),Nej,0,724092.36487305,6176268.68539635,12.56456,55.680387,3.kvartal 2019,aktiv,MULTIPOINT ((12.564560016922062 55.680386955826165))
toilet_tmf_kk.18,167,"Ørstedsparken, ved caféen",Nørre Farimagsgade ,6,1364,"Nørre Farimagsgade  6, 1364 København K",Toilet,Nej,Nej- Vinterlukket fra 1/10 til 31/3,Cafe låse,10.00 - Cafen lukker,10.00 - Cafen lukker,10.00 - Cafen lukker,10.00 - Cafen lukker,10.00 - Cafen lukker,10.00 - Cafen lukker,10.00 - Cafen lukker,Nej,Åbent fra 1. april til 30. september. Toilettet følger caféens åbningstider. Cafeen lukker alt afhængig af vejret,724182.41538704,6176506.01624748,12.566183,55.682474,3.kvartal 2019,aktiv,MULTIPOINT ((12.566183203994065 55.682473782480656))
toilet_tmf_kk.19,168,"Ørstedsparken, legeplads",Nørre Farimagsgade ,2,1364,"Nørre Farimagsgade  2, 1364 København K",Toilet med handicapadgang,Ja,Ja,Personalet låser/weekend låsevaten,Følger legepladsens åbningstider,Følger legepladsens åbningstider,Følger legepladsens åbningstider,Følger legepladsens åbningstider,Følger legepladsens åbningstider,Når legepladsen er lukket da ca. ca. 9.00 - 21.00 (19.00 om vinteren),Når legepladsen er lukket da ca. ca. 9.00 - 21.00 (19.00 om vinteren),Nej,Åbningstider legeplads sommer (uge 18-38): Mandag til lørdag kl. 9 til 17. Søndag lukket. Åbningstider legeplads vinter (uge 39-17): Mandag til fredag kl. 9 til 16. Lørdag og søndag lukket.,724094.7830822,6176280.39527566,12.564608,55.680491,3.kvartal 2019,aktiv,MULTIPOINT ((12.564607961508129 55.68049085448955))
toilet_tmf_kk.20,169,Christianshavns Torv,Torvegade,48,1400,"Torvegade 48, 1400 København K",Toilet med handicapadgang,Ja,Ja,Nej,Døgnåbent,Døgnåbent,Døgnåbent,Døgnåbent,Døgnåbent,Døgnåbent,Døgnåbent,Ja,0,725852.50602364,6175422.11589628,12.5918,55.67198,3.kvartal 2019,aktiv,MULTIPOINT ((12.59179995938619 55.67197983409066))
toilet_tmf_kk.21,171,"Christianshavns Vold, Elefantens bastion",Christianshavns Voldgade,36,1424,"Christianshavns Voldgade 36, 1424 København K",Toilet med handicapadgang,Ja,Ja,Ja,Sommer: ca. 9.00 - 21.00. Vinter: Følger legepladsensn åbningstider,Sommer: ca. 9.00 - 21.00. Vinter: Følger legepladsensn åbningstider,Sommer: ca. 9.00 - 21.00. Vinter: Følger legepladsensn åbningstider,Sommer: ca. 9.00 - 21.00. Vinter: Følger legepladsensn åbningstider,Sommer: ca. 9.00 - 21.00. Vinter: Følger legepladsensn åbningstider,Sommer: ca. 9.00 - 21.00. Vinter: Følger legepladsensn åbningstider,Sommer: ca. 9.00 - 21.00. Vinter: Følger legepladsensn åbningstider,Nej,Om sommeren låses toilettet omkring kl 21. Om vinteren følger toilettet legepladsens åbningstider.,725921.25286285,6175203.06546979,12.592711,55.669983,3.kvartal 2019,aktiv,MULTIPOINT ((12.59271062181797 55.66998348006801))
toilet_tmf_kk.22,172,"Christianshavns Vold, Elefantens bastion, legeplads",Christianshavns Voldgade,36,1424,"Christianshavns Voldgade 36, 1424 København K",Toilet med handicapadgang,Ja,Ja,Personalet låser ,Følger legepladsensn åbningstider,Følger legepladsensn åbningstider,Følger legepladsensn åbningstider,Følger legepladsensn åbningstider,Følger legepladsensn åbningstider,Følger legepladsensn åbningstider,Følger legepladsensn åbningstider,Nej,Åbningstider legeplads sommer (uge 18-38): Mandag til fredag kl. 9 til 18. Lørdag 9 til 17. Søndag lukket. Åbningstider legeplads mellemsæson (uge 10-17 & 39-43). Mandag til fredag 9 til 16.30.Lørdag og søndag lukket. Åbningstider legeplads vinter (uge 44-9): Mandag til fredag kl. 9 til 16.30. Lørdag og søndag lukket.,725924.81215632,6175197.37060024,12.592762,55.669931,3.kvartal 2019,aktiv,MULTIPOINT ((12.592762413299116 55.66993075485433))
toilet_tmf_kk.23,173,Nytorv,Nytorv,29,1450,"Nytorv 29, 1450 København K",Pissoir,Nej,Nej- Vinterlukket fra 1/10 til 31/3,Nej,Døgnåbent,Døgnåbent,Døgnåbent,Døgnåbent,Døgnåbent,Døgnåbent,Døgnåbent,Ja,Lukkes når frosten kommer,724617.8847952,6175981.61177275,12.572666,55.67757,3.kvartal 2019,aktiv,MULTIPOINT ((12.572666122977505 55.67756974167432))
toilet_tmf_kk.24,174,Gammel Torv,Gammel Torv,22f,1457,"Gammel Torv 22f, 1457 København K",Toilet,Nej,Ja,Nej,Døgnåbent,Døgnåbent,Døgnåbent,Døgnåbent,aldrig lukket,Døgnåbent,Døgnåbent,Ja,0,724555.76817451,6176038.88132175,12.571727,55.678112,3.kvartal 2019,aktiv,MULTIPOINT ((12.57172713408028 55.67811205274012))
toilet_tmf_kk.25,177,Planetariet,Vester Søgade,2,1601,"Vester Søgade 2, 1601 København V",Toilet med handicapadgang,Ja,Ja,Nej,Døgnåbent,Døgnåbent,Døgnåbent,Døgnåbent,Døgnåbent,Døgnåbent,Døgnåbent,Ja,0,723773.02751899,6175630.09615812,12.558971,55.674807,3.kvartal 2019,aktiv,MULTIPOINT ((12.558970786657303 55.67480727542864))
toilet_tmf_kk.26,178,Axeltorv ved Cirkusbygningen,Jernbanegade,10,1608,"Jernbanegade 10, 1608 København V",Toilet,Nej,Ja,Nej,Døgnåbent,Døgnåbent,Døgnåbent,Døgnåbent,Døgnåbent,Døgnåbent,Døgnåbent,Ja,Info om jul/nytår 2016. Info lægges på KK.dk medio december hvert år.,724121.0304508,6175765.17840007,12.564604,55.675858,3.kvartal 2019,aktiv,MULTIPOINT ((12.564603841614245 55.6758582679793))
toilet_tmf_kk.27,179,Vesterbro Torv,Vesterbrogade,47,1620,"Vesterbrogade 47, 1620 København V",Toilet med personale,Nej,Ja,Personale låser,09.00 -  16:00,09.00 -  16:00,09.00 -  16:00,09.00 -  16:00,09.00 -  16:00,lukket,lukket,Nej,Info om jul/nytår offentliggøres medio december hvert år.,723538.85532035,6175326.88624351,12.555008,55.672196,3.kvartal 2019,aktiv,MULTIPOINT ((12.555007583656028 55.67219586541539))
toilet_tmf_kk.28,180,"Istedgade, v. Mariakirken",Istedgade,20,1650,"Istedgade 20, 1650 København V",Pissoir,Nej,Nej- Vinterlukket fra 1/10 til 31/3,Nej,Døgnåbent,Døgnåbent,Døgnåbent,Døgnåbent,Døgnåbent,Døgnåbent,Døgnåbent,Ja,Lukkes når frosten kommer,723889.54889452,6175288.44527331,12.560541,55.67169,3.kvartal 2019,aktiv,MULTIPOINT ((12.560541359123253 55.67168963872638))
toilet_tmf_kk.29,181,Saxoparken ,Matthæusgade,8,1666,"Matthæusgade 8, 1666 København V",Toilet med handicapadgang,Ja,Ja,Nej,Døgnåbent,Døgnåbent,Døgnåbent,Døgnåbent,Døgnåbent,Døgnåbent,Døgnåbent,Ja,0,723330.87235623,6175066.92996615,12.551496,55.66996,3.kvartal 2019,aktiv,MULTIPOINT ((12.551495659138666 55.66996018794154))
toilet_tmf_kk.30,182,Enghave plads ,Enghave Plads,13b,1670,"Enghave Plads 13b, 1670 København V",Toilet med handicapadgang,Ja,Ja,Chaufførvagten låser,Ca. 9.00 - 22.00,Ca. 9.00 - 22.00,Ca. 9.00 - 22.00,Ca. 9.00 - 22.00,Ca. 9.00 - 22.00,Ca. 9.00 - 22.00,Ca. 9.00 - 22.00,Nej,0,722977.64103065,6174734.19817785,12.54562,55.667138,3.kvartal 2019,aktiv,MULTIPOINT ((12.545620348486123 55.66713841083004))
toilet_tmf_kk.31,183,Halmtorvet,Halmtorvet,12A,1700,"Halmtorvet 12A, 1700 København V",Toilet med handicapadgang,Ja,Ja,Chaufførvagten låser,Ca. 9.00 - 22.00,Ca. 9.00 - 22.00,Ca. 9.00 - 22.00,Ca. 9.00 - 22.00,Ca. 9.00 - 22.00,Ca. 9.00 - 22.00,Ca. 9.00 - 22.00,Nej,0,723940.68742382,6175163.73645185,12.561251,55.670548,3.kvartal 2019,aktiv,MULTIPOINT ((12.561251150228582 55.67054767323454))
toilet_tmf_kk.32,185,Sønder Boulevard ,Sønder Boulevard,60B,1720,"Sønder Boulevard 60B, 1720 København V",Toilet med handicapadgang,Ja,Ja,Chaufførvagten låser,Ca. 9.00 - 22.00,Ca. 9.00 - 22.00,Ca. 9.00 - 22.00,Ca. 9.00 - 22.00,Ca. 9.00 - 22.00,Ca. 9.00 - 22.00,Ca. 9.00 - 22.00,Nej,0,723352.94344383,6174637.12984997,12.551496,55.666095,3.kvartal 2019,aktiv,MULTIPOINT ((12.551496339349157 55.66609552502657))
toilet_tmf_kk.33,186,Enghaveparken,Ejderstedgade,3,1761,"Ejderstedgade 3, 1761 København V",Toilet med handicapadgang,Ja,Nej- Vinterlukket fra 1/10 til 31/3,Ja,Ca. 9.00 - 21.00,Ca. 9.00 - 21.00,Ca. 9.00 - 21.00,Ca. 9.00 - 21.00,Ca. 9.00 - 21.00,Ca. 9.00 - 21.00,Ca. 9.00 - 21.00,Nej,Åbent fra 1. april til 30. september,722690.81724118,6174793.95205559,12.541118,55.667806,3.kvartal 2019,aktiv,MULTIPOINT ((12.541117720260216 55.6678058313169))
toilet_tmf_kk.34,170,Overgaden oven Vandet,Overgaden oven Vandet,64A,1415,"Overgaden oven Vandet 64A, 1415 København K",Pissoir,Nej,Nej- Vinterlukket fra 1/10 til 31/3,Nej,Døgnåbent,Døgnåbent,Døgnåbent,Døgnåbent,Døgnåbent,Døgnåbent,Døgnåbent,Ja,Lukkes når frosten kommer,726052.31239521,6175765.78417275,12.595253,55.674969,3.kvartal 2019,aktiv,MULTIPOINT ((12.59525349782349 55.6749688336439))
toilet_tmf_kk.35,184,Den brune kødby,Halmtorvet,9C,1700,"Halmtorvet 9C, 1700 København V",Toilet,Nej,Ja,Nej,Døgnåbent,Døgnåbent,Døgnåbent,Døgnåbent,Døgnåbent,Døgnåbent,Døgnåbent,Ja,0,723973.92721325,6175110.28656376,12.561735,55.670053,3.kvartal 2019,aktiv,MULTIPOINT ((12.561735009230418 55.670053009570836))
toilet_tmf_kk.36,175,"Bølgen, Kalvebod Brygge ",Kalvebod Brygge,3C,1560,"Kalvebod Brygge 3C, 1560 København V",Toilet med handicapadgang,Ja,Nej- Vinterlukket fra 1/10 til 31/3,Ja,Ca. 9.00 - 21.00,Ca. 9.00 - 21.00,Ca. 9.00 - 21.00,Ca. 9.00 - 21.00,Ca. 9.00 - 21.00,Ca. 9.00 - 21.00,Ca. 9.00 - 21.00,Nej,Åbent fra 1. april til 30. september,724874.50240261,6175054.99638775,12.57598,55.669141,3.kvartal 2019,aktiv,MULTIPOINT ((12.573375692611595 55.66782710795629))
toilet_tmf_kk.37,187,"Enghaveparken, legeplads",Ejderstedgade ,1,1761,"Ejderstedgade  1, 1761 København V",Toilet,Nej,Ja,Personalet låser ,Følger legepladsens åbningstider,Følger legepladsens åbningstider,Følger legepladsens åbningstider,Følger legepladsens åbningstider,Følger legepladsens åbningstider,Følger legepladsens åbningstider,Følger legepladsens åbningstider,Nej,Åbningstider legeplads sommer (uge 18-38): Mandag til fredag kl. 9 til 18. Lørdag lukket. Søndag kl. 10 til 17. Åbningstider legeplads mellemsæson (uge 5-17 & 39-43): Mandag til fredag 9 til 17.Lørdag og søndag lukket. Åbningstider legeplads vinter (uge 44-4): Mandag til fredag kl. 9 til 16. Lørdag og søndag lukket.,722727.59798651,6174807.64929445,12.541712,55.667912,3.kvartal 2019,aktiv,MULTIPOINT ((12.541712444691454 55.667911813865196))
toilet_tmf_kk.38,188,"Langelinie, østlige ende af bro",Langelinie,1,2100,"Langelinie 1, 2100 København Ø",Toilet med handicapadgang,Ja,Nej- Vinterlukket fra 1/10 til 31/3,Ja,Ca. 9.00 - 21.00,Ca. 9.00 - 21.00,Ca. 9.00 - 21.00,Ca. 9.00 - 21.00,Ca. 9.00 - 21.00,Ca. 9.00 - 21.00,Ca. 9.00 - 21.00,Nej,Åbent fra 1. april til 30. september,725905.61660769,6177944.71410116,12.59472,55.694577,3.kvartal 2019,aktiv,MULTIPOINT ((12.594719722611963 55.69457712055326))
toilet_tmf_kk.39,189,"Langelinie, Hvidtfeldtmonumentet",Langelinie,25,2100,"Langelinie 25, 2100 København Ø",Toilet med handicapadgang,Ja,Ja (handicaptoilettet er helårsåbent),Ja,Ca. 9.00 - 21.00 (19.00 om vinteren),Ca. 9.00 - 21.00 (19.00 om vinteren),Ca. 9.00 - 21.00 (19.00 om vinteren),Ca. 9.00 - 21.00 (19.00 om vinteren),Ca. 9.00 - 21.00 (19.00 om vinteren),Ca. 9.00 - 21.00 (19.00 om vinteren),Ca. 9.00 - 21.00 (19.00 om vinteren),Nej,Handicaptoilettet er åben hele året. De andre toiletter er åbne fra 1. april til 30. september,726209.72424316,6177518.84951167,12.599197,55.690616,3.kvartal 2019,aktiv,MULTIPOINT ((12.59919681303647 55.6906164941624))
toilet_tmf_kk.40,190,Østre Anlæg,Stockholmsgade,62,2100,"Stockholmsgade 62, 2100 København Ø",Toilet med handicapadgang,Ja,Nej- Vinterlukket fra 1/10 til 31/3,Ja,Ca. 9.00 - 21.00,Ca. 9.00 - 21.00,Ca. 9.00 - 21.00,Ca. 9.00 - 21.00,Ca. 9.00 - 21.00,Ca. 9.00 - 21.00,Ca. 9.00 - 21.00,Nej,Åbent fra 1. april til 30. september,725259.70637705,6177676.20467808,12.584244,55.692469,3.kvartal 2019,aktiv,MULTIPOINT ((12.584243686929145 55.69246933998925))
toilet_tmf_kk.41,191,Fælledparken ved kiosk,Per Henrik Lings Allé,5,2100,"Per Henrik Lings Allé 5, 2100 København Ø",Toilet med handicapadgang,Ja,Nej- Vinterlukket fra 1/10 til 31/3,Ja,Ca. 9.00 - 21.00,Ca. 9.00 - 21.00,Ca. 9.00 - 21.00,Ca. 9.00 - 21.00,Ca. 9.00 - 21.00,Ca. 9.00 - 21.00,Ca. 9.00 - 21.00,Nej,Åbent fra 1. april til 30. september,724345.04917843,6178824.22960328,12.570661,55.703188,3.kvartal 2019,aktiv,MULTIPOINT ((12.570661348701876 55.703188304177466))
toilet_tmf_kk.42,192,"Fælledparken, Seridsslevvej syd",Serridslevvej,15,2100,"Serridslevvej 15, 2100 København Ø",Toilet,Nej,Nej- Vinterlukket fra 1/10 til 31/3,Ja,Ca. 9.00 - 21.00,Ca. 9.00 - 21.00,Ca. 9.00 - 21.00,Ca. 9.00 - 21.00,Ca. 9.00 - 21.00,Ca. 9.00 - 21.00,Ca. 9.00 - 21.00,Nej,Åbent fra 1. april til 30. september,724464.92239698,6179138.82094994,12.572823,55.705954,3.kvartal 2019,aktiv,MULTIPOINT ((12.572822798377928 55.70595409633797))
toilet_tmf_kk.43,193,"Fælledparken, Seridsslevvej nord ",Serridslevvej,35,2100,"Serridslevvej 35, 2100 København Ø",Toilet med handicapadgang,Ja,Ja,Ja,Ca. 9.00 - 21.00 (19.00 om vinteren),Ca. 9.00 - 21.00 (19.00 om vinteren),Ca. 9.00 - 21.00 (19.00 om vinteren),Ca. 9.00 - 21.00 (19.00 om vinteren),Ca. 9.00 - 21.00 (19.00 om vinteren),Ca. 9.00 - 21.00 (19.00 om vinteren),Ca. 9.00 - 21.00 (19.00 om vinteren),Nej,0,724361.4434409,6179228.45142119,12.571253,55.706806,3.kvartal 2019,aktiv,MULTIPOINT ((12.571252707297713 55.706805753379776))
toilet_tmf_kk.44,194,"Fælledparken,  Bikuben ",Edel Sauntes Allé,1,2100,"Edel Sauntes Allé 1, 2100 København Ø",Toilet,Nej,Nej- Vinterlukket fra 1/10 til 31/3,Ja,Ca. 9.00 - 21.00,Ca. 9.00 - 21.00,Ca. 9.00 - 21.00,Ca. 9.00 - 21.00,Ca. 9.00 - 21.00,Ca. 9.00 - 21.00,Ca. 9.00 - 21.00,Nej,Åbent fra 1. april til 30. september,723847.9139605,6178328.56017735,12.562361,55.698973,3.kvartal 2019,aktiv,MULTIPOINT ((12.562361301136582 55.69897271221136))
toilet_tmf_kk.45,195,"Fælledparken, Det røde toilet",Edel Sauntes Allé,18,2100,"Edel Sauntes Allé 18, 2100 København Ø",Toilet med handicapadgang,Ja,Ja (handicaptoilettet og  pissoir er helårsåbent),Ja,Ca. 9.00 - 21.00 (19.00 om vinteren),Ca. 9.00 - 21.00 (19.00 om vinteren),Ca. 9.00 - 21.00 (19.00 om vinteren),Ca. 9.00 - 21.00 (19.00 om vinteren),Ca. 9.00 - 21.00 (19.00 om vinteren),Ca. 9.00 - 21.00 (19.00 om vinteren),Ca. 9.00 - 21.00 (19.00 om vinteren),Nej,Åbent fra 1. april til 30. september,724028.06434895,6178531.15870557,12.565388,55.700706,3.kvartal 2019,aktiv,MULTIPOINT ((12.565387625129679 55.70070649191298))
toilet_tmf_kk.46,196,"Østre Anlæg, nær legeplads",Stockholmsgade,26,2100,"Stockholmsgade 26, 2100 København Ø",Toilet,Nej,Ja,Ja,Ca. 9.00 - 21.00 (19.00 om vinteren),Ca. 9.00 - 21.00 (19.00 om vinteren),Ca. 9.00 - 21.00 (19.00 om vinteren),Ca. 9.00 - 21.00 (19.00 om vinteren),Ca. 9.00 - 21.00 (19.00 om vinteren),Ca. 9.00 - 21.00 (19.00 om vinteren),Ca. 9.00 - 21.00 (19.00 om vinteren),Nej,0,724948.58457428,6177453.07553015,12.579121,55.690613,3.kvartal 2019,aktiv,MULTIPOINT ((12.579121048745948 55.69061261184831))
toilet_tmf_kk.47,197,"Fælledparken, dansepladsen",Edel Sauntes Allé,25,2100,"Edel Sauntes Allé 25, 2100 København Ø",Toilet med handicapadgang,Ja,Nej- Vinterlukket fra 1/10 til 31/3,Ja,Ca. 9.00 - 21.00,Ca. 9.00 - 21.00,Ca. 9.00 - 21.00,Ca. 9.00 - 21.00,Ca. 9.00 - 21.00,Ca. 9.00 - 21.00,Ca. 9.00 - 21.00,Nej,Åbent fra 1. april til 30. september,724008.34970837,6178983.5440674,12.565444,55.704773,3.kvartal 2019,aktiv,MULTIPOINT ((12.565444350472475 55.704772574689855))
toilet_tmf_kk.48,198,Sølvtorvet,Stockholmsgade,2,2100,"Stockholmsgade 2, 2100 København Ø",Pissoir,Nej,Nej- Vinterlukket fra 1/10 til 31/3,Nej,Døgnåbent,Døgnåbent,Døgnåbent,Døgnåbent,Døgnåbent,Døgnåbent,Døgnåbent,Ja,Lukkes når frosten kommer,724726.42809035,6177308.35411928,12.575475,55.689418,3.kvartal 2019,aktiv,MULTIPOINT ((12.57547548987727 55.689417646680425))
toilet_tmf_kk.49,199,"Fælledparken, Trafiklegepladsen",Gunnar Nu Hansens Plads ,10,2100,"Gunnar Nu Hansens Plads  10, 2100 København Ø",Toilet med handicapadgang,Ja,Ja,Ja,Ca. 9.00 - 21.00 (19.00 om vinteren),Ca. 9.00 - 21.00 (19.00 om vinteren),Ca. 9.00 - 21.00 (19.00 om vinteren),Ca. 9.00 - 21.00 (19.00 om vinteren),Ca. 9.00 - 21.00 (19.00 om vinteren),Ca. 9.00 - 21.00 (19.00 om vinteren),Ca. 9.00 - 21.00 (19.00 om vinteren),Nej,0,724350.25144677,6179011.65599102,12.570897,55.704867,3.kvartal 2019,aktiv,MULTIPOINT ((12.570897424396312 55.70486672458651))
toilet_tmf_kk.50,200,Svanemølle Strandpark,Standpromenaden ,30,2100,"Standpromenaden  30, 2100 København Ø",Toilet med handicapadgang,Ja,Ja (handicaptoilettet er helårsåbent),Ja,Ca. 9.00 - 21.00 (19.00 om vinteren),Ca. 9.00 - 21.00 (19.00 om vinteren),Ca. 9.00 - 21.00 (19.00 om vinteren),Ca. 9.00 - 21.00 (19.00 om vinteren),Ca. 9.00 - 21.00 (19.00 om vinteren),Ca. 9.00 - 21.00 (19.00 om vinteren),Ca. 9.00 - 21.00 (19.00 om vinteren),Nej,Handicaptoilettet er åben hele året. De andre toiletter er åbne fra 1. april til 30. september,725027.66399017,6180682.75021759,12.583029,55.719539,3.kvartal 2019,aktiv,MULTIPOINT ((12.583028990506882 55.71953909155203))
toilet_tmf_kk.51,201,"Kildevældsparken, legeplads",Vognmandsmarken ,69,2100,"Vognmandsmarken  69, 2100 København Ø",Toilet,Nej,Ja,Ja,Ca. 9.00 - 21.00 (19.00 om vinteren),Ca. 9.00 - 21.00 (19.00 om vinteren),Ca. 9.00 - 21.00 (19.00 om vinteren),Ca. 9.00 - 21.00 (19.00 om vinteren),Ca. 9.00 - 21.00 (19.00 om vinteren),Ca. 9.00 - 21.00 (19.00 om vinteren),Ca. 9.00 - 21.00 (19.00 om vinteren),Nej,0,723931.46253435,6180058.09377938,12.565102,55.714445,3.kvartal 2019,aktiv,MULTIPOINT ((12.565101693469991 55.714444598116266))
toilet_tmf_kk.52,203,Hans Knudsens Plads ,Lyngbyvej,90,2100,"Lyngbyvej 90, 2100 København Ø",Toilet med handicapadgang,Ja,Ja,Nej,Døgnåbent,Døgnåbent,Døgnåbent,Døgnåbent,Døgnåbent,Døgnåbent,Døgnåbent,Ja,0,723635.08039765,6179875.93162738,12.560245,55.712948,3.kvartal 2019,aktiv,MULTIPOINT ((12.560244604663035 55.71294770015501))
toilet_tmf_kk.53,204,Melchiors Plads ,Melchiors Plads,8,2100,"Melchiors Plads 8, 2100 København Ø",Toilet med handicapadgang,Ja,Ja,Nej,Døgnåbent,Døgnåbent,Døgnåbent,Døgnåbent,Døgnåbent,Døgnåbent,Døgnåbent,Ja,0,725279.38465441,6178912.81596911,12.585572,55.70355,3.kvartal 2019,aktiv,MULTIPOINT ((12.585572403940485 55.7035498824992))
toilet_tmf_kk.54,205,Trianglen,Østerbrogade 29B,29B,2100,"Østerbrogade 29B 29B, 2100 København Ø",Toilet med personale og handicapadgang,Ja,Ja,Personale låser,9.00 - 18.30,9.00 - 18.30,9.00 - 18.30,9.00 - 18.30,9.00 - 18.30,9.00 - 18.30,9.00 - 18.30,Nej,Info om jul/nytår offentliggøres medio december hvert år.,724798.15260691,6178414.17951285,12.577521,55.699301,3.kvartal 2019,aktiv,MULTIPOINT ((12.577520816417756 55.6993013489334))
toilet_tmf_kk.55,206,"Fælledparken, Sansehaven",Øster Allé ,1E,2100,"Øster Allé  1E, 2100 København Ø",Toilet med handicapadgang,Ja,Nej- Vinterlukket fra 1/10 til 31/3,Ja,Ca. 9.00 - 21.00,Ca. 9.00 - 21.00,Ca. 9.00 - 21.00,Ca. 9.00 - 21.00,Ca. 9.00 - 21.00,Ca. 9.00 - 21.00,Ca. 9.00 - 21.00,Nej,Åbent fra 1. april til 30. september,724533.86225098,6178472.88252974,12.573372,55.69995,3.kvartal 2019,aktiv,MULTIPOINT ((12.573372072521385 55.69995013241711))
toilet_tmf_kk.56,207,"Sporsløjfen, v. Svanemølle st.",Østerbrogade,244,2100,"Østerbrogade 244, 2100 København Ø",Toilet med handicapadgang,Ja,Ja,Nej,Døgnåbent,Døgnåbent,Døgnåbent,Døgnåbent,Døgnåbent,Døgnåbent,Døgnåbent,Ja,0,724734.86387614,6180148.56306835,12.577939,55.714884,3.kvartal 2019,aktiv,MULTIPOINT ((12.57793856876019 55.71488436067518))
toilet_tmf_kk.57,208,"Blegdamsremisen, legeplads",Blegdamsvej ,132a,2100,"Blegdamsvej  132a, 2100 København Ø",Toilet,Nej,Ja,Personalet låser ,Følger legepladsens åbningstider,Følger legepladsens åbningstider,Følger legepladsens åbningstider,Følger legepladsens åbningstider,Følger legepladsens åbningstider,Følger legepladsens åbningstider,Følger legepladsens åbningstider,Nej,Åbningstider legeplads sommer (uge 18-38): Mandag til fredag kl. 9 til 16.30. Lørdag og søndag kl. 10 til 16. OBS: Sommerlukket uge 27-30. Åbningstider legeplads vinter (uge 39-17): Mandag og tirsdag kl. 9 til 17. Onsdag og torsdag kl. 9 til 18. Fredag kl. 9 til 17. Lørdag og søndag kl. 10 til 16.,724741.1819538,6178327.66849511,12.576545,55.698552,3.kvartal 2019,aktiv,MULTIPOINT ((12.576545213825087 55.69855191289665))
toilet_tmf_kk.58,209,Soppesøen,Edel Sauntes Allé,9,2100,"Edel Sauntes Allé 9, 2100 København Ø",Toilet,Nej,Nej- Vinterlukket fra 1/10 til 31/3,Ja,Ca. 9.00 - 21.00,Ca. 9.00 - 21.00,Ca. 9.00 - 21.00,Ca. 9.00 - 21.00,Ca. 9.00 - 21.00,Ca. 9.00 - 21.00,Ca. 9.00 - 21.00,Nej,Kun åbent når der er vand i soppesøen,723951.58725997,6178490.26232764,12.56414,55.700375,3.kvartal 2019,aktiv,MULTIPOINT ((12.564139723229966 55.70037503015053))
toilet_tmf_kk.59,210,"Tårnlegepladsen, Fælledparken",Frederik V's Vej ,4,2100,"Frederik V's Vej  4, 2100 København Ø",Toilet med handicapadgang,Ja,Ja,Ja,Ca. 9.00 - 21.00 (19.00 om vinteren),Ca. 9.00 - 21.00 (19.00 om vinteren),Ca. 9.00 - 21.00 (19.00 om vinteren),Ca. 9.00 - 21.00 (19.00 om vinteren),Ca. 9.00 - 21.00 (19.00 om vinteren),Ca. 9.00 - 21.00 (19.00 om vinteren),Ca. 9.00 - 21.00 (19.00 om vinteren),Nej,0,724335.8532528,6178163.5334888,12.569975,55.697267,3.kvartal 2019,aktiv,MULTIPOINT ((12.569974518648268 55.69726747591021))
toilet_tmf_kk.60,211,Folkets park,Stengade,48,2200,"Stengade 48, 2200 København N",Toilet,Nej,Ja,Nej,Døgnåbent,Døgnåbent,Døgnåbent,Døgnåbent,Døgnåbent,Døgnåbent,Døgnåbent,Ja,0,723451.22526738,6177003.29388757,12.554982,55.68727,3.kvartal 2019,aktiv,MULTIPOINT ((12.55498197342242 55.68727040257114))
toilet_tmf_kk.61,212,Assistens Kirkegård vest,Kapelvej,2,2200,"Kapelvej 2, 2200 København N",Toilet med handicapadgang,Ja,Ja,Toilettet låser af sig selv ,7.00 - 22.00 / 7.00 - 19.00,7.00 - 22.00 / 7.00 - 19.00,7.00 - 22.00 / 7.00 - 19.00,7.00 - 22.00 / 7.00 - 19.00,7.00 - 22.00 / 7.00 - 19.00,7.00 - 22.00 / 7.00 - 19.00,7.00 - 22.00 / 7.00 - 19.00,Nej,"Vinterhalvåret (oktober-marts) 07:00-19:00
 Sommerhalvåret (april-september) 07:00-22:00",723315.4518104,6177239.25263761,12.553019,55.689449,3.kvartal 2019,aktiv,MULTIPOINT ((12.553018667840034 55.68944897227366))
toilet_tmf_kk.62,213,Sankt Hans Torv,Nørre Allé,2,2200,"Nørre Allé 2, 2200 København N",Toilet med handicapadgang,Ja,Ja,Nej,Døgnåbent,Døgnåbent,Døgnåbent,Døgnåbent,Døgnåbent,Døgnåbent,Døgnåbent,Ja,0,723822.38,6177479.37,12.561263,55.691369,3.kvartal 2019,aktiv,MULTIPOINT ((12.56126256800839 55.691368928255024))
toilet_tmf_kk.63,214,Hans Tavsens Park,Hans Tavsens Gade,20,2200,"Hans Tavsens Gade 20, 2200 København N",Toilet med handicapadgang,Ja,Nej- Vinterlukket fra 1/10 til 31/3,Ja,Ca. 9.00 - 21.00,Ca. 9.00 - 21.00,Ca. 9.00 - 21.00,Ca. 9.00 - 21.00,Ca. 9.00 - 21.00,Ca. 9.00 - 21.00,Ca. 9.00 - 21.00,Nej,Åbent fra 1. april til 30. september,723005.96809488,6177133.30265526,12.548019,55.688641,3.kvartal 2019,aktiv,MULTIPOINT ((12.548019134649728 55.68864104434014))
toilet_tmf_kk.64,215,"Hans Tavsens Park vest, legeplads",Hans Tavsens Gade ,40,2200,"Hans Tavsens Gade  40, 2200 København N",Toilet,Nej,Ja,Personalet låser/weekend låsevaten,Følger legepladsens åbningstider,Følger legepladsens åbningstider,Følger legepladsens åbningstider,Følger legepladsens åbningstider,Følger legepladsens åbningstider,Når legepladsen er lukket da ca. ca. 9.00 - 21.00 (19.00 om vinteren),Når legepladsen er lukket da ca. ca. 9.00 - 21.00 (19.00 om vinteren),Nej,Åbningstider legeplads (uge 1-52): Mandag til fredag kl. 8.45 til 17. Lørdag og søndag lukket. OBS i soleferien (uge 27-32) er der åben fra kl 9 til 17.,722855.61447689,6177250.06712555,12.545727,55.689757,3.kvartal 2019,aktiv,MULTIPOINT ((12.545727028678575 55.68975724459048))
toilet_tmf_kk.65,216,"Bispeengen, legeplads",Hillerødgade ,23b,2200,"Hillerødgade  23b, 2200 København N",Toilet,Nej,Ja,Personalet låser/weekend låsevaten,Følger legepladsens åbningstider,Følger legepladsens åbningstider,Følger legepladsens åbningstider,Følger legepladsens åbningstider,Følger legepladsens åbningstider,Når legepladsen er lukket da ca. ca. 9.00 - 21.00 (19.00 om vinteren),Når legepladsen er lukket da ca. ca. 9.00 - 21.00 (19.00 om vinteren),Nej,Åbningstider legeplads sommer (uge 18-38): Mandag til fredag kl. 9 til 18. Lørdag 10 til 17. Søndag lukket. OBS. I juli er der fra mandag til onsdag samt fredag åben fra 9.30 til 17. Torsdag 9. til 19. Åbningstider legeplads vinter (uge 39-17): Mandag til fredag kl. 9.30 til 17.30. Lørdag og søndag lukket.,722222.67663271,6177861.08888358,12.536173,55.695527,3.kvartal 2019,aktiv,MULTIPOINT ((12.536173445008787 55.69552717252409))
toilet_tmf_kk.66,217,"Hans Tavsens Park øst, legeplads",Hans Tavsens Gade ,40,2200,"Hans Tavsens Gade  40, 2200 København N",Toilet,Nej,Ja,Personalet låser/weekend låsevaten,Følger legepladsens åbningstider,Følger legepladsens åbningstider,Følger legepladsens åbningstider,Følger legepladsens åbningstider,Følger legepladsens åbningstider,Når legepladsen er lukket da ca. ca. 9.00 - 21.00 (19.00 om vinteren),Når legepladsen er lukket da ca. ca. 9.00 - 21.00 (19.00 om vinteren),Nej,Åbningstider legeplads sommer (uge 18-38): Mandag til fredag kl. 9 til 17.30. Lørdag kl 10 til 17. Søndag lukket. Åbningstider legeplads mellemsæson (uge 39-43 & 10-17): Mandag til fredag 9 til 17. Lørdag og søndag lukket. Åbningstider legeplads vinter (uge 44-9): Mandag til fredag kl. 9 til 16.30. Lørdag og søndag lukket.,723118.3834016,6177104.21646527,12.54978,55.688329,3.kvartal 2019,aktiv,MULTIPOINT ((12.549780149466402 55.688328549645625))
toilet_tmf_kk.81,233,Rødegårdsparken,Rødegård,8A,2300,"Rødegård 8A, 2300 København S",Toilet med handicapadgang,Ja,Nej- Vinterlukket fra 1/10 til 31/3,Ja,Ca. 9.00 - 21.00,Ca. 9.00 - 21.00,Ca. 9.00 - 21.00,Ca. 9.00 - 21.00,Ca. 9.00 - 21.00,Ca. 9.00 - 21.00,Ca. 9.00 - 21.00,Nej,Åbent fra 1. april til 30. september,727131.09070835,6174269.93641223,12.611136,55.661051,3.kvartal 2019,aktiv,MULTIPOINT ((12.611135718149878 55.66105152531239))
toilet_tmf_kk.67,218,"Nørrebroparken, legeplads",Stefansgade,30,2200,"Stefansgade 30, 2200 København N",Toilet,Nej,Ja,Personalet låser/weekend låsevaten,Følger legepladsens åbningstider,Følger legepladsens åbningstider,Følger legepladsens åbningstider,Følger legepladsens åbningstider,Følger legepladsens åbningstider,Når legepladsen er lukket da ca. ca. 9.00 - 21.00 (19.00 om vinteren),Når legepladsen er lukket da ca. ca. 9.00 - 21.00 (19.00 om vinteren),Nej,Åbningstider legeplads sommer (uge 18-38): Mandag til fredag kl. 9 til 17.30. Lørdag og søndag kl. 10 til 17. OBS det er kun i juli at legepladsen er åben om lørdagen. Åbningstider legeplads mellemsæson (uge 39-43 & 10-17): Mandag til fredag 9 til 17.Lørdag og søndag lukket. Åbningstider legeplads vinter (uge 44-9): Mandag til fredag kl. 9 til 16.30. Lørdag og søndag lukket.,722595.70655986,6177730.43324304,12.541991,55.694184,3.kvartal 2019,aktiv,MULTIPOINT ((12.541990585864959 55.69418450640242))
toilet_tmf_kk.68,219,"Wesselsgade, legeplads",Wesselsgade,12,2200,"Wesselsgade 12, 2200 København N",Toilet,Nej,Ja,Personalet låser/weekend driften,Følger legepladsens åbningstider,Følger legepladsens åbningstider,Følger legepladsens åbningstider,Følger legepladsens åbningstider,Følger legepladsens åbningstider,Når legepladsen er lukket da ca. ca. 9.00 - 21.00 (19.00 om vinteren),Når legepladsen er lukket da ca. ca. 9.00 - 21.00 (19.00 om vinteren),Nej,Åbningstider legeplads sommer (uge 18-38): Mandag til fredag kl. 9.30 til 17.30. Lørdag og søndag kl. 10 til 17. Åbningstider legeplads vinter (uge 39-17): Mandag til fredag kl. 9.30 til 17. Lørdag  og søndag lukket.,723773.61322558,6176874.71599033,12.559995,55.685969,3.kvartal 2019,aktiv,MULTIPOINT ((12.559994997287033 55.68596884175916))
toilet_tmf_kk.69,220,Balders Plads,Baldersgade,60,2200,"Baldersgade 60, 2200 København N",Toilet med handicapadgang,Ja,Nej- Vinterlukket fra 1/10 til 31/3,Ja,Ca. 9.00 - 21.00,Ca. 9.00 - 21.00,Ca. 9.00 - 21.00,Ca. 9.00 - 21.00,Ca. 9.00 - 21.00,Ca. 9.00 - 21.00,Ca. 9.00 - 21.00,Nej,Åbent fra 1. april til 30. september,722953.18023584,6178543.24995469,12.548328,55.70131,3.kvartal 2019,aktiv,MULTIPOINT ((12.548327658466789 55.70130992185285))
toilet_tmf_kk.70,221,Blågårds Plads,Blågårds Plads,5B,2200,"Blågårds Plads 5B, 2200 København N",Pissoir,Nej,Nej- Vinterlukket fra 1/10 til 31/3,Nej,Døgnåbent,Døgnåbent,Døgnåbent,Døgnåbent,Døgnåbent,Døgnåbent,Døgnåbent,Ja,Lukkes når frosten kommer,723584.5209416,6176896.08719211,12.557011,55.686248,3.kvartal 2019,aktiv,MULTIPOINT ((12.557010667589426 55.6862476040516))
toilet_tmf_kk.71,222,Korsgade 58,Korsgade,58B,2200,"Korsgade 58B, 2200 København N",Pissoir,Nej,Nej- Vinterlukket fra 1/10 til 31/3,Nej,Døgnåbent,Døgnåbent,Døgnåbent,Døgnåbent,Døgnåbent,Døgnåbent,Døgnåbent,Ja,Lukkes når frosten kommer,723388.92359966,6176930.62750739,12.553934,55.686647,3.kvartal 2019,aktiv,MULTIPOINT ((12.553933750286665 55.68664738910195))
toilet_tmf_kk.72,223,Nørrebroparken,Stefansgade,24,2200,"Stefansgade 24, 2200 København N",Toilet med handicapadgang,Ja,Ja,Ja,Ca. 9.00 - 21.00 (19.00 om vinteren),Ca. 9.00 - 21.00 (19.00 om vinteren),Ca. 9.00 - 21.00 (19.00 om vinteren),Ca. 9.00 - 21.00 (19.00 om vinteren),Ca. 9.00 - 21.00 (19.00 om vinteren),Ca. 9.00 - 21.00 (19.00 om vinteren),Ca. 9.00 - 21.00 (19.00 om vinteren),Nej,0,722647.70285783,6177808.78960254,12.54288,55.694863,3.kvartal 2019,aktiv,MULTIPOINT ((12.54287981858716 55.6948633769465))
toilet_tmf_kk.73,224,Blågårds Plads,Blågårds Plads,11,2200,"Blågårds Plads 11, 2200 København N",Toilet med handicapadgang,Ja,Ja,Nej,Døgnåbent,Døgnåbent,Døgnåbent,Døgnåbent,Døgnåbent,Døgnåbent,Døgnåbent,Ja,0,723549.28753162,6176916.64947165,12.556468,55.686448,3.kvartal 2019,aktiv,MULTIPOINT ((12.55646810660173 55.68644823036109))
toilet_tmf_kk.74,225,"Mimersparken, legeplads",Borgmestervangen ,51,2200,"Borgmestervangen  51, 2200 København N",Toilet,Nej,Ja,Personalet låser,Følger legepladsens åbningstider,Følger legepladsens åbningstider,Følger legepladsens åbningstider,Følger legepladsens åbningstider,Følger legepladsens åbningstider,Når legepladsen er lukket da ca. ca. 9.00 - 21.00 (19.00 om vinteren),Når legepladsen er lukket da ca. ca. 9.00 - 21.00 (19.00 om vinteren),Nej,Åbningstider legeplads sommer (uge 18-38): Mandag til fredag kl. 9 til 18. Lørdag og søndag kl. 10 til 17. Åbningstider legeplads vinter (uge 39-17): Mandag til fredag kl. 9 til 17. Lørdag kl 11 til16. Søndag lukket.,722485.75603965,6178908.32790609,12.541201,55.704799,3.kvartal 2019,aktiv,MULTIPOINT ((12.541200908882407 55.704798533821176))
toilet_tmf_kk.75,226,"Byoasen, legeplads",Møllegade ,25c,2200,"Møllegade  25c, 2200 København N",Toilet med handicapadgang,Ja,Ja,Personalet låser/weekend driften,Følger legepladsens åbningstider,Følger legepladsens åbningstider,Følger legepladsens åbningstider,Følger legepladsens åbningstider,Følger legepladsens åbningstider,Når legepladsen er lukket da ca. ca. 9.00 - 21.00 (19.00 om vinteren),Når legepladsen er lukket da ca. ca. 9.00 - 21.00 (19.00 om vinteren),Nej,Åbningstider legeplads sommer (uge 18-38): Mandag til fredag kl. 9.30 til 18. Lørdag og søndag kl. 10 til 15. Åbningstider legeplads mellemsæson (uge 6-17 & 39-48): Mandag til fredag 9.30 til 16.30. Lørdag og søndag 10 til 13. Åbningstider legeplads vinter (uge 49-5): Mandag til fredag kl. 9.30 til 16.30. Lørdag og søndag kl. 10 til 13.,723568.3487163,6177548.34829305,12.557286,55.692105,3.kvartal 2019,aktiv,MULTIPOINT ((12.557285627202003 55.692104579883434))
toilet_tmf_kk.76,227,BaNanna Park,Nannasgade,6,2200,"Nannasgade 6, 2200 København N",Toilet med handicapadgang,Ja,Ja,Nej,Døgnåben,Døgnåben,Døgnåben,Døgnåben,Døgnåben,Døgnåben,Døgnåben,Ja,0,723015.63,6178384.16,12.54919,55.699854,3.kvartal 2019,aktiv,MULTIPOINT ((12.54918996145256 55.699854487132576))
toilet_tmf_kk.77,228,"Remiseparken, Byggelegepladsen",Peder Lykkes Vej,73,2300,"Peder Lykkes Vej 73, 2300 København S",Toilet,Nej,Ja,Personalet låser ,Følger legepladsens åbningstider,Følger legepladsens åbningstider,Følger legepladsens åbningstider,Følger legepladsens åbningstider,Følger legepladsens åbningstider,Følger legepladsens åbningstider,Følger legepladsens åbningstider,Nej,Åbningstider legeplads sommer (uge 18-42): Mandag til fredag kl. 9.30 til 18. Lørdag kl. 10 til 16. Søndag luket. Åbningstider legeplads vinter (uge 43-17): Mandag til fredag kl. 9.30 til 17. Lørdag og søndag lukket.,726307.90058032,6173292.42046344,12.597272,55.652669,3.kvartal 2019,aktiv,MULTIPOINT ((12.59727194052799 55.65266941742882))
toilet_tmf_kk.78,229,Gunløgsgade ,Gunløgsgade,26,2300,"Gunløgsgade 26, 2300 København S",Toilet med handicapadgang,Ja,Ja,Ja,Ca. 9.00 - 21.00 (19.00 om vinteren),Ca. 9.00 - 21.00 (19.00 om vinteren),Ca. 9.00 - 21.00 (19.00 om vinteren),Ca. 9.00 - 21.00 (19.00 om vinteren),Ca. 9.00 - 21.00 (19.00 om vinteren),Ca. 9.00 - 21.00 (19.00 om vinteren),Ca. 9.00 - 21.00 (19.00 om vinteren),Nej,0,725120.43583508,6174571.77137257,12.579486,55.664694,3.kvartal 2019,aktiv,MULTIPOINT ((12.579486102334641 55.66469380840303))
toilet_tmf_kk.79,230,"Islands Brygge, havneparken",Islands Brygge,12,2300,"Islands Brygge 12, 2300 København S",Toilet med handicapadgang,Ja,Nej- Vinterlukket fra 1/10 til 31/3,Ja,Ca. 9.00 - 21.00,Ca. 9.00 - 21.00,Ca. 9.00 - 21.00,Ca. 9.00 - 21.00,Ca. 9.00 - 21.00,Ca. 9.00 - 21.00,Ca. 9.00 - 21.00,Nej,Åbent fra 1. april til 30. september,725035.24,6174979.35,12.578468,55.668388,3.kvartal 2019,aktiv,MULTIPOINT ((12.578468362615146 55.66838839343021))
toilet_tmf_kk.80,232,Sundbyvesterparken,Englandsvej,59B,2300,"Englandsvej 59B, 2300 København S",Toilet med handicapadgang,Ja,Nej- Vinterlukket fra 1/10 til 31/3,Ja,Ca. 9.00 - 21.00,Ca. 9.00 - 21.00,Ca. 9.00 - 21.00,Ca. 9.00 - 21.00,Ca. 9.00 - 21.00,Ca. 9.00 - 21.00,Ca. 9.00 - 21.00,Nej,Åbent fra 1. april til 30. september,726625.54244367,6173083.76024621,12.602138,55.65065,3.kvartal 2019,aktiv,MULTIPOINT ((12.602137823429095 55.650650260462726))
toilet_tmf_kk.82,234,"Bredegrund, legeplads",Bredegrund,8,2300,"Bredegrund 8, 2300 København S",Toilet,Nej,Ja,Personalet låser/weekend låsevaten,Følger legepladsens åbningstider,Følger legepladsens åbningstider,Følger legepladsens åbningstider,Følger legepladsens åbningstider,Følger legepladsens åbningstider,Når legepladsen er lukket da ca. ca. 9.00 - 21.00 (19.00 om vinteren),Når legepladsen er lukket da ca. ca. 9.00 - 21.00 (19.00 om vinteren),Nej,Åbningstider legeplads sommer (uge 18-42): Mandag til fredag kl. 9 til 17. Lørdag og søndag kl. 10 til 16. Åbningstider legeplads vinter (uge 43-17): Mandag til fredag kl. 9 til 17. Lørdag lukket. Søndag kl. 10 til 16.,727290.9247945,6174051.15068605,12.61349,55.659015,3.kvartal 2019,aktiv,MULTIPOINT ((12.613490263267778 55.65901483150382))
toilet_tmf_kk.83,235,"Lergravsparken, legeplads",Lergravsvej ,16,2300,"Lergravsvej  16, 2300 København S",Toilet,Nej,Ja,Personalet låser ,Følger legepladsens åbningstider,Følger legepladsens åbningstider,Følger legepladsens åbningstider,Følger legepladsens åbningstider,Følger legepladsens åbningstider,Følger legepladsens åbningstider,Følger legepladsens åbningstider,Nej,"Åbningstider legeplads sommer (uge 18-43): Mandag, onsdag og fredag kl 9.30 til 18. Tirsdag kl. 9.30 til 19. Lørdag lukket. Søndag kl. 10 til17. Åbningstider legeplads vinter (uge 44-17): Mandag, onsdag, torsdag og fredag kl 9.30 til 17. Tirsdag kl. 9.30 til 19. Lørdag og søndag lukket.",727592.34787012,6174458.37513928,12.618609,55.662526,3.kvartal 2019,aktiv,MULTIPOINT ((12.618608917627634 55.66252558532372))
toilet_tmf_kk.84,236,"Filipsparken (Elba), legeplads",Parmagade ,45,2300,"Parmagade  45, 2300 København S",Toilet med handicapadgang,Ja,Ja,Personalet låser ,Følger legepladsens åbningstider,Følger legepladsens åbningstider,Følger legepladsens åbningstider,Følger legepladsens åbningstider,Følger legepladsens åbningstider,Følger legepladsens åbningstider,Følger legepladsens åbningstider,Nej,Åbningstider legeplads sommer (uge 18-38): Mandag til fredag kl. 9.30 til 18. Lørdag lukket. Søndag kl 10 til 17. Åbningstider legeplads mellemsæson (uge 39-48 & 5-17): Mandag til fredag 9.30 til 17. Lørdag og søndag lukket. Åbningstider legeplads vinter (uge 49-4): Mandag til fredag kl. 9.30 til 17. Lørdag og søndag lukket.,727637.60790236,6173515.45178476,12.618546,55.654049,3.kvartal 2019,aktiv,MULTIPOINT ((12.618545842856365 55.65404870741276))
toilet_tmf_kk.85,237,"Remiseparken, Bondegårdslegepladsen",Peder Lykkes Vej,71,2300,"Peder Lykkes Vej 71, 2300 København S",Toilet med handicapadgang,Ja,Ja,Personalet låser ,Følger legepladsens åbningstider,Følger legepladsens åbningstider,Følger legepladsens åbningstider,Følger legepladsens åbningstider,Følger legepladsens åbningstider,Følger legepladsens åbningstider,Følger legepladsens åbningstider,Nej,Åbningstider legeplads (uge 1-52): Mandag til fredag kl. 9.30 til 17. Lørdag og søndag kl. 9.30 til 16.,726358.55003769,6173299.86891305,12.598081,55.652713,3.kvartal 2019,aktiv,MULTIPOINT ((12.598081391278741 55.65271263463892))
toilet_tmf_kk.86,239,"Amager Strandpark, Strandpromenaden nord",Amager Strand Promenaden,255,2300,"Amager Strand Promenaden 255, 2300 København S",Toilet med handicapadgang,Ja,Ja (handicaptoilettet er helårsåbent),Driften,Døgnåben (Se bemærkning),Døgnåben (Se bemærkning),Døgnåben (Se bemærkning),Døgnåben (Se bemærkning),Døgnåben (Se bemærkning),Døgnåben (Se bemærkning),Døgnåben (Se bemærkning),Ja,"Vintersæson 1/10 – 31/3: Handicaptoilettet er åben hele døgnet, øvrige toiletter er aflåst. Forårssæson 1/4 – 31/5: Alle toiletter er åbne fra ca. kl. 08.00-15.00. Det handicapvenlige toilet er døgnåbent. Sommersæson 1/6 – 30/9: Alle toiletter er åbne fra ca. kl. 08.00-21.00. Det handicapvenlige toilet er døgnåbent. 
Forårssæson 1/4 – 31/5: Alle toiletter er åbne fra ca. kl. 08.00-15.00. Det handicapvenlige toilet er døgnåbent. 
Sommer sæson 1/6 – 30/9: Alle toiletter er åbne fra ca. kl. 08.00-21.00. Det handicapvenlige toilet er døgnåbent. 

Forårssæson 1/4 – 31/5: Alle toiletter er åbne fra ca. kl. 08.00-15.00. Det handicapvenlige toilet er døgnåbent. 
Sommer sæson 1/6 – 30/9: Alle toiletter er åbne fra ca. kl. 08.00-21.00. Det handicapvenlige toilet er døgnåbent. 
Vinter sæson 1/10 – 31/3: Handicaptoilettet er åben hele døgnet, øvrige toiletter er aflåst.
Forårssæson 1/4 – 31/5: Alle toiletter er åbne fra ca. kl. 08.00-15.00. Det handicapvenlige toilet er døgnåbent. 
Sommer sæson 1/6 – 30/9: Alle toiletter er åbne fra ca. kl. 08.00-21.00. Det handicapvenlige toilet er døgnåbent.",729571.07259204,6173670.47063766,12.64934,55.65453,3.kvartal 2019,aktiv,MULTIPOINT ((12.649340219856079 55.65452966793064))
toilet_tmf_kk.87,231,"Lergravsparken, ved metro",Østrigsgade,67,2300,"Østrigsgade 67, 2300 København S",Toilet med handicapadgang,Ja,Ja,Ja,Ca. 9.00 - 21.00 (19.00 om vinteren),Ca. 9.00 - 21.00 (19.00 om vinteren),Ca. 9.00 - 21.00 (19.00 om vinteren),Ca. 9.00 - 21.00 (19.00 om vinteren),Ca. 9.00 - 21.00 (19.00 om vinteren),Ca. 9.00 - 21.00 (19.00 om vinteren),Ca. 9.00 - 21.00 (19.00 om vinteren),Nej,0,727505.54533671,6174366.34365336,12.617156,55.661741,3.kvartal 2019,aktiv,MULTIPOINT ((12.61715567428056 55.66174093074036))
toilet_tmf_kk.88,243,Sundbyøster Plads,Amagerbrogade,185,2300,"Amagerbrogade 185, 2300 København S",Toilet med handicapadgang,Ja,Ja,Nej,Døgnåbent,Døgnåbent,Døgnåbent,Døgnåbent,Døgnåbent,Døgnåbent,Døgnåbent,Ja,0,727246.53789531,6173248.91638089,12.612123,55.651841,3.kvartal 2019,aktiv,MULTIPOINT ((12.61212289188172 55.65184148020616))
toilet_tmf_kk.89,244,"Amager Strand, Søstjernen",Amager Strandvej,11,2300,"Amager Strandvej 11, 2300 København S",Toilet med handicapadgang,Ja,Nej- Vinterlukket fra 1/10 til 31/3,Ja,Ca. 9.00 - 21.00,Ca. 9.00 - 21.00,Ca. 9.00 - 21.00,Ca. 9.00 - 21.00,Ca. 9.00 - 21.00,Ca. 9.00 - 21.00,Ca. 9.00 - 21.00,Nej,Åbent fra 1. april til 30. september,728424.11374813,6174930.9607051,12.632197,55.666373,3.kvartal 2019,aktiv,MULTIPOINT ((12.632196828178097 55.66637322922594))
toilet_tmf_kk.90,245,"Amager Strandvej, v. Italiensvej",Amager Strandvej,125,2300,"Amager Strandvej 125, 2300 København S",Toilet med handicapadgang,Ja,Ja (handicaptoilettet er helårsåbent),Driften,Døgnåben (Se bemærkning),Døgnåben (Se bemærkning),Døgnåben (Se bemærkning),Døgnåben (Se bemærkning),Døgnåben (Se bemærkning),Døgnåben (Se bemærkning),Døgnåben (Se bemærkning),Ja,"Vintersæson 1/10 – 31/3: Handicaptoilettet er åben hele døgnet, øvrige toiletter er aflåst. Forårssæson 1/4 – 31/5: Alle toiletter er åbne fra ca. kl. 08.00-15.00. Det handicapvenlige toilet er døgnåbent. Sommersæson 1/6 – 30/9: Alle toiletter er åbne fra ca. kl. 08.00-22.00. Det handicapvenlige toilet er døgnåbent. 
Forårssæson 1/4 – 31/5: Alle toiletter er åbne fra ca. kl. 08.00-15.00. Det handicapvenlige toilet er døgnåbent. 
Sommer sæson 1/6 – 30/9: Alle toiletter er åbne fra ca. kl. 08.00-22.00. Det handicapvenlige toilet er døgnåbent. 

Forårssæson 1/4 – 31/5: Alle toiletter er åbne fra ca. kl. 08.00-15.00. Det handicapvenlige toilet er døgnåbent. 
Sommer sæson 1/6 – 30/9: Alle toiletter er åbne fra ca. kl. 08.00-22.00. Det handicapvenlige toilet er døgnåbent. 
Vinter sæson 1/10 – 31/3: Handicaptoilettet er åben hele døgnet, øvrige toiletter er aflåst.
Forårssæson 1/4 – 31/5: Alle toiletter er åbne fra ca. kl. 08.00-15.00. Det handicapvenlige toilet er døgnåbent. 
Sommer sæson 1/6 – 30/9: Alle toiletter er åbne fra ca. kl. 08.00-22.00. Det handicapvenlige toilet er døgnåbent. 
",728748.98,6173972.99,12.636553,55.65763,3.kvartal 2019,ikke-aktiv,MULTIPOINT ((12.63655330146223 55.65762997235938))
toilet_tmf_kk.91,240,"Amager Strandpark, Øresundsstien ",Øresundsstien,5,2300,"Øresundsstien 5, 2300 København S",Toilet med handicapadgang,Ja,Ja (handicaptoilettet er helårsåbent),Driften,Døgnåben (Se bemærkning),Døgnåben (Se bemærkning),Døgnåben (Se bemærkning),Døgnåben (Se bemærkning),Døgnåben (Se bemærkning),Døgnåben (Se bemærkning),Døgnåben (Se bemærkning),Ja,"Vintersæson 1/10 – 31/3: Handicaptoilettet er åben hele døgnet, øvrige toiletter er aflåst. Forårssæson 1/4 – 31/5: Alle toiletter er åbne fra ca. kl. 08.00-15.00. Det handicapvenlige toilet er døgnåbent. Sommersæson 1/6 – 30/9: Alle toiletter er åbne fra ca. kl. 08.00-21.00.  Det handicapvenlige toilet er døgnåbent. 
Forårssæson 1/4 – 31/5: Alle toiletter er åbne fra ca. kl. 08.00-15.00. Det handicapvenlige toilet er døgnåbent. 
Sommer sæson 1/6 – 30/9: Alle toiletter er åbne fra ca. kl. 08.00-21.00.  Det handicapvenlige toilet er døgnåbent. 

Forårssæson 1/4 – 31/5: Alle toiletter er åbne fra ca. kl. 08.00-15.00. Det handicapvenlige toilet er døgnåbent. 
Sommer sæson 1/6 – 30/9: Alle toiletter er åbne fra ca. kl. 08.00-21.00.  Det handicapvenlige toilet er døgnåbent. 
Vinter sæson 1/10 – 31/3: Handicaptoilettet er åben hele døgnet, øvrige toiletter er aflåst.
Forårssæson 1/4 – 31/5: Alle toiletter er åbne fra ca. kl. 08.00-15.00. Det handicapvenlige toilet er døgnåbent. 
Sommer sæson 1/6 – 30/9: Alle toiletter er åbne fra ca. kl. 08.00-21.00. Det handicapvenlige toilet er døgnåbent
",728848.47068435,6174578.44046944,12.638636,55.663012,3.kvartal 2019,aktiv,MULTIPOINT ((12.638635646521882 55.66301241314361))
toilet_tmf_kk.92,241,"Amager Strandpark, Kilometerbroen",Kilometerbroen ,3,2300,"Kilometerbroen  3, 2300 København S",Toilet med handicapadgang,Ja,Ja (handicaptoilettet er helårsåbent),Driften,Døgnåben (Se bemærkning),Døgnåben (Se bemærkning),Døgnåben (Se bemærkning),Døgnåben (Se bemærkning),Døgnåben (Se bemærkning),Døgnåben (Se bemærkning),Døgnåben (Se bemærkning),Ja,"Vintersæson 1/10 – 31/3: Handicaptoilettet er åben hele døgnet, øvrige toiletter er aflåst. Forårssæson 1/4 – 31/5: Alle toiletter er åbne fra ca. kl. 08.00-15.00. Det handicapvenlige toilet er døgnåbent. Sommersæson 1/6 – 30/9: Alle toiletter er åbne fra ca. kl. 08.00-21.00. Det handicapvenlige toilet er døgnåbent. 
Forårssæson 1/4 – 31/5: Alle toiletter er åbne fra ca. kl. 08.00-15.00. Det handicapvenlige toilet er døgnåbent. 
Sommer sæson 1/6 – 30/9: Alle toiletter er åbne fra ca. kl. 08.00-21.00. Det handicapvenlige toilet er døgnåbent. 

Forårssæson 1/4 – 31/5: Alle toiletter er åbne fra ca. kl. 08.00-15.00. Det handicapvenlige toilet er døgnåbent. 
Sommer sæson 1/6 – 30/9: Alle toiletter er åbne fra ca. kl. 08.00-21.00.  Det handicapvenlige toilet er døgnåbent. 
Vinter sæson 1/10 – 31/3: Handicaptoilettet er åben hele døgnet, øvrige toiletter er aflåst.
Forårssæson 1/4 – 31/5: Alle toiletter er åbne fra ca. kl. 08.00-15.00. Det handicapvenlige toilet er døgnåbent. 
Sommer sæson 1/6 – 30/9: Alle toiletter er åbne fra ca. kl. 08.00-21.00. Det handicapvenlige toilet er døgnåbent. 
",729148.16732809,6174071.17615022,12.642967,55.658322,3.kvartal 2019,aktiv,MULTIPOINT ((12.64296691153451 55.658322424454326))
toilet_tmf_kk.93,246,"Amager Strandvej, v. Svend Vonveds Vej",Amager Strandvej,175,2300,"Amager Strandvej 175, 2300 København S",Toilet med handicapadgang,Ja,Ja (handicaptoilettet er helårsåbent),Driften,Døgnåben (Se bemærkning),Døgnåben (Se bemærkning),Døgnåben (Se bemærkning),Døgnåben (Se bemærkning),Døgnåben (Se bemærkning),Døgnåben (Se bemærkning),Døgnåben (Se bemærkning),Ja,"Vintersæson 1/10 – 31/3: Handicaptoilettet er åben hele døgnet, øvrige toiletter er aflåst. Forårssæson 1/4 – 31/5: Alle toiletter er åbne fra ca. kl. 08.00-15.00. Det handicapvenlige toilet er døgnåbent. Sommersæson 1/6 – 30/9: Alle toiletter er åbne fra ca. kl. 08.00-22.00. Det handicapvenlige toilet er døgnåbent. 
Forårssæson 1/4 – 31/5: Alle toiletter er åbne fra ca. kl. 08.00-15.00. Det handicapvenlige toilet er døgnåbent. 
Sommer sæson 1/6 – 30/9: Alle toiletter er åbne fra ca. kl. 08.00-22.00. Det handicapvenlige toilet er døgnåbent. 

Forårssæson 1/4 – 31/5: Alle toiletter er åbne fra ca. kl. 08.00-15.00. Det handicapvenlige toilet er døgnåbent. 
Sommer sæson 1/6 – 30/9: Alle toiletter er åbne fra ca. kl. 08.00-22.00. Det handicapvenlige toilet er døgnåbent. 
Vinter sæson 1/10 – 31/3: Handicaptoilettet er åben hele døgnet, øvrige toiletter er aflåst.
Forårssæson 1/4 – 31/5: Alle toiletter er åbne fra ca. kl. 08.00-15.00. Det handicapvenlige toilet er døgnåbent. 
Sommer sæson 1/6 – 30/9: Alle toiletter er åbne fra ca. kl. 08.00-22.00. Det handicapvenlige toilet er døgnåbent. 
",729041.43,6173276.15,12.640611,55.651243,3.kvartal 2019,ikke-aktiv,MULTIPOINT ((12.640611379621193 55.651243488710485))
toilet_tmf_kk.94,247,"Amager Strandvej, Kastrup Fort",Amager Strandvej,244,2300,"Amager Strandvej 244, 2300 København S",Toilet med handicapadgang,Ja,Ja,Ja,Ca. 9.00 - 21.00 (19.00 om vinteren),Ca. 9.00 - 21.00 (19.00 om vinteren),Ca. 9.00 - 21.00 (19.00 om vinteren),Ca. 9.00 - 21.00 (19.00 om vinteren),Ca. 9.00 - 21.00 (19.00 om vinteren),Ca. 9.00 - 21.00 (19.00 om vinteren),Ca. 9.00 - 21.00 (19.00 om vinteren),Nej,0,728936.86080614,6173015.41560405,12.638736,55.648955,3.kvartal 2019,aktiv,MULTIPOINT ((12.638735910966089 55.64895464454242))
toilet_tmf_kk.95,248,Amager Strandvej ,Amager Strandvej,55,2300,"Amager Strandvej 55, 2300 København S",Toilet med handicapadgang,Ja,Ja (handicaptoilettet er helårsåbent),Driften,Døgnåben (Se bemærkning),Døgnåben (Se bemærkning),Døgnåben (Se bemærkning),Døgnåben (Se bemærkning),Døgnåben (Se bemærkning),Døgnåben (Se bemærkning),Døgnåben (Se bemærkning),Ja,"Vintersæson 1/10 – 31/3: Handicaptoilettet er åben hele døgnet, øvrige toiletter er aflåst. Forårssæson 1/4 – 31/5: Alle toiletter er åbne fra ca. kl. 08.00-15.00. Det handicapvenlige toilet er døgnåbent. Sommersæson 1/6 – 30/9: Alle toiletter er åbne fra ca. kl. 08.00-22.00. Det handicapvenlige toilet er døgnåbent. 
Forårssæson 1/4 – 31/5: Alle toiletter er åbne fra ca. kl. 08.00-15.00. Det handicapvenlige toilet er døgnåbent. 
Sommer sæson 1/6 – 30/9: Alle toiletter er åbne fra ca. kl. 08.00-22.00. Det handicapvenlige toilet er døgnåbent. 

Forårssæson 1/4 – 31/5: Alle toiletter er åbne fra ca. kl. 08.00-15.00. Det handicapvenlige toilet er døgnåbent. 
Sommer sæson 1/6 – 30/9: Alle toiletter er åbne fra ca. kl. 08.00-22.00. Det handicapvenlige toilet er døgnåbent. 
Vinter sæson 1/10 – 31/3: Handicaptoilettet er åben hele døgnet, øvrige toiletter er aflåst.
Forårssæson 1/4 – 31/5: Alle toiletter er åbne fra ca. kl. 08.00-15.00. Det handicapvenlige toilet er døgnåbent. 
Sommer sæson 1/6 – 30/9: Alle toiletter er åbne fra ca. kl. 08.00-22.00. Det handicapvenlige toilet er døgnåbent. 
",728462.53,6174444.98,12.632402,55.661997,3.kvartal 2019,ikke-aktiv,MULTIPOINT ((12.632402139055788 55.66199719961241))
toilet_tmf_kk.96,249,Islands Brygge,Islands Brygge,20B,2300,"Islands Brygge 20B, 2300 København S",Toilet,Nej,Ja,Nej,Døgnåbent,Døgnåbent,Døgnåbent,Døgnåbent,Døgnåbent,Døgnåbent,Døgnåbent,Ja,0,724788.41727102,6174610.24227049,12.57425,55.665192,3.kvartal 2019,aktiv,MULTIPOINT ((12.574249911450694 55.665192504185526))
toilet_tmf_kk.97,250,"Sundby Kirkegård, i Kapel",Kastrupvej,53,2300,"Kastrupvej 53, 2300 København S",Toilet med handicapadgang,Ja,Ja,Toilettet låser af sig selv ,7.00 - 22.00 / 7.00 - 19.00,7.00 - 22.00 / 7.00 - 19.00,7.00 - 22.00 / 7.00 - 19.00,7.00 - 22.00 / 7.00 - 19.00,7.00 - 22.00 / 7.00 - 19.00,7.00 - 22.00 / 7.00 - 19.00,7.00 - 22.00 / 7.00 - 19.00,Nej,"Vinterhalvåret (oktober-marts) 07:00-19:00
 Sommerhalvåret (april-september) 07:00-22:00",727601.53667121,6173808.61819566,12.618216,55.656695,3.kvartal 2019,aktiv,MULTIPOINT ((12.618216497416556 55.65669457413465))
toilet_tmf_kk.98,251,Filipsparken,Kastrupvej,74,2300,"Kastrupvej 74, 2300 København S",Toilet med handicapadgang,Ja,Nej- Vinterlukket fra 1/10 til 31/3,Ja,Ca. 9.00 - 21.00,Ca. 9.00 - 21.00,Ca. 9.00 - 21.00,Ca. 9.00 - 21.00,Ca. 9.00 - 21.00,Ca. 9.00 - 21.00,Ca. 9.00 - 21.00,Nej,Åbent fra 1. april til 30. september,727640.61407097,6173508.66229311,12.618588,55.653986,3.kvartal 2019,aktiv,MULTIPOINT ((12.618587899607471 55.65398641488337))
toilet_tmf_kk.99,252,Sundbyvester Plads ,Sundbyvester Plads,2A,2300,"Sundbyvester Plads 2A, 2300 København S",Toilet med handicapadgang,Ja,Ja,Nej,Døgnåbent,Døgnåbent,Døgnåbent,Døgnåbent,Døgnåbent,Døgnåbent,Døgnåbent,Ja,0,727352.43153684,6172672.3812641,12.613326,55.646622,3.kvartal 2019,aktiv,MULTIPOINT ((12.61332562923731 55.646621848684404))
toilet_tmf_kk.100,253,Bella Center Station,Ørestads Boulevard,39,2300,"Ørestads Boulevard 39, 2300 København S",Toilet,Nej,Ja,Nej,Døgnåbent,Døgnåbent,Døgnåbent,Døgnåbent,Døgnåbent,Døgnåbent,Døgnåbent,Ja,Info om jul/nytår 2016. Info lægges på KK.dk medio december hvert år.,725497.63850984,6171673.557712,12.583093,55.638528,3.kvartal 2019,aktiv,MULTIPOINT ((12.583093389194621 55.63852812849683))
toilet_tmf_kk.101,254,Ørestadsparken,Ørestads Boulevard,66,2300,"Ørestads Boulevard 66, 2300 København S",Toilet med handicapadgang,Ja,Ja,Nej,Døgnåbent,Døgnåbent,Døgnåbent,Døgnåbent,Døgnåbent,Døgnåbent,Døgnåbent,Ja,0,725331.62773649,6171080.72386389,12.579976,55.633289,3.kvartal 2019,aktiv,MULTIPOINT ((12.579975875558985 55.63328856325167))
toilet_tmf_kk.102,255,Islands Brygge,Islands Brygge,20A ,2300,"Islands Brygge 20A , 2300 København S",Toilet med handicapadgang,Ja,Ja,Nej,Døgnåbent,Døgnåbent,Døgnåbent,Døgnåbent,Døgnåbent,Døgnåbent,Døgnåbent,Ja,0,724767.59149213,6174626.94671413,12.573933,55.665352,3.kvartal 2019,aktiv,MULTIPOINT ((12.573933162362591 55.66535194161412))
toilet_tmf_kk.103,256,"Gunløgsgade, legeplads",Gunløgsgade ,26,2300,"Gunløgsgade  26, 2300 København S",Toilet,Nej,Ja,Ja,Ca. 9.00 - 21.00 (19.00 om vinteren),Ca. 9.00 - 21.00 (19.00 om vinteren),Ca. 9.00 - 21.00 (19.00 om vinteren),Ca. 9.00 - 21.00 (19.00 om vinteren),Ca. 9.00 - 21.00 (19.00 om vinteren),Ca. 9.00 - 21.00 (19.00 om vinteren),Ca. 9.00 - 21.00 (19.00 om vinteren),Nej,0,725122.26483965,6174562.16843942,12.579507,55.664607,3.kvartal 2019,aktiv,MULTIPOINT ((12.579507250452659 55.664606843027485))
toilet_tmf_kk.104,257,"Kornblomstparken, legeplads",Øselsgade,5,2300,"Øselsgade 5, 2300 København S",Toilet med handicapadgang,Ja,Ja,Personalet låser/weekend driften,Følger legepladsens åbningstider,Følger legepladsens åbningstider,Følger legepladsens åbningstider,Følger legepladsens åbningstider,Følger legepladsens åbningstider,Når legepladsen er lukket da ca. ca. 9.00 - 21.00 (19.00 om vinteren),Når legepladsen er lukket da ca. ca. 9.00 - 21.00 (19.00 om vinteren),Nej,"Åbningstider legeplads (uge 1-52): Mandag, tirsdag, onsdag og fredag kl. 9.30 til 18. Torsdag kl 9.30 til 18 & kl. 18 til 20. Lørdag kl. 10 til 17. Søndag lukket.",726470.48777298,6174230.34817275,12.600624,55.661005,3.kvartal 2019,aktiv,MULTIPOINT ((12.60062351197561 55.66100476884174))
toilet_tmf_kk.105,258,Brønshøjparken,Hyrdevangen,1,2400,"Hyrdevangen 1, 2400 København NV",Toilet med handicapadgang,Ja,Nej- Vinterlukket fra 1/10 til 31/3,Ja,Ca. 9.00 - 21.00,Ca. 9.00 - 21.00,Ca. 9.00 - 21.00,Ca. 9.00 - 21.00,Ca. 9.00 - 21.00,Ca. 9.00 - 21.00,Ca. 9.00 - 21.00,Nej,Åbent fra 1. april til 30. september,720532.4,6179089.66,12.510322,55.707316,3.kvartal 2019,aktiv,MULTIPOINT ((12.51032196761098 55.707316523404586))
toilet_tmf_kk.106,259,Lersøparken,Bispebjerg Bakke,12,2400,"Bispebjerg Bakke 12, 2400 København NV",Toilet med handicapadgang,Ja,Nej- Vinterlukket fra 1/10 til 31/3,Ja,Ca. 9.00 - 21.00,Ca. 9.00 - 21.00,Ca. 9.00 - 21.00,Ca. 9.00 - 21.00,Ca. 9.00 - 21.00,Ca. 9.00 - 21.00,Ca. 9.00 - 21.00,Nej,Åbent fra 1. april til 30. september,722561.62018373,6179460.68050097,12.542855,55.709717,3.kvartal 2019,aktiv,MULTIPOINT ((12.542854546326767 55.70971734848466))
toilet_tmf_kk.107,260,Rødkildeparken,Rødkildevej,15,2400,"Rødkildevej 15, 2400 København NV",Toilet,Nej,Nej- Vinterlukket fra 1/10 til 31/3,Ja,Ca. 9.00 - 21.00,Ca. 9.00 - 21.00,Ca. 9.00 - 21.00,Ca. 9.00 - 21.00,Ca. 9.00 - 21.00,Ca. 9.00 - 21.00,Ca. 9.00 - 21.00,Nej,Åbent fra 1. april til 30. september,720642.01736612,6178240.94955119,12.51138,55.699655,3.kvartal 2019,aktiv,MULTIPOINT ((12.511379735755726 55.69965502996077))
toilet_tmf_kk.108,261,Bispebjerg Kirkegård,Frederiksborgvej,123,2400,"Frederiksborgvej 123, 2400 København NV",Toilet med handicapadgang,Ja,Ja,Toilettet låser af sig selv ,7.00 - 22.00 / 7.00 - 19.00,7.00 - 22.00 / 7.00 - 19.00,7.00 - 22.00 / 7.00 - 19.00,7.00 - 22.00 / 7.00 - 19.00,7.00 - 22.00 / 7.00 - 19.00,7.00 - 22.00 / 7.00 - 19.00,7.00 - 22.00 / 7.00 - 19.00,Nej,"Vinterhalvåret (oktober-marts) 07:00-19:00
 Sommerhalvåret (april-september) 07:00-22:00",721792.25209765,6179927.12171183,12.531011,55.714253,3.kvartal 2019,aktiv,MULTIPOINT ((12.531011210729503 55.71425287070051))
toilet_tmf_kk.109,262,Hulgårds Plads,Hulgårds Plads,4,2400,"Hulgårds Plads 4, 2400 København NV",Toilet med handicapadgang,Ja,Ja,Nej,Døgnåbent,Døgnåbent,Døgnåbent,Døgnåbent,Døgnåbent,Døgnåbent,Døgnåbent,Ja,0,721310.7154657,6178923.92291246,12.522551,55.705476,3.kvartal 2019,aktiv,MULTIPOINT ((12.522550693628476 55.705475742704586))
toilet_tmf_kk.110,263,Emdrup Torv,Emdrupvej,185,2400,"Emdrupvej 185, 2400 København NV",Toilet med handicapadgang,Ja,Ja,Nej,Døgnåbent,Døgnåbent,Døgnåbent,Døgnåbent,Døgnåbent,Døgnåbent,Døgnåbent,Ja,0,721649.10638164,6180896.47179885,12.529522,55.723012,3.kvartal 2019,aktiv,MULTIPOINT ((12.529521970392683 55.72301173060974))
toilet_tmf_kk.111,264,Engsvinget ,Engsvinget,46,2400,"Engsvinget 46, 2400 København NV",Toilet med handicapadgang,Ja,Nej- Vinterlukket fra 1/10 til 31/3,Ja,Ca. 9.00 - 21.00,Ca. 9.00 - 21.00,Ca. 9.00 - 21.00,Ca. 9.00 - 21.00,Ca. 9.00 - 21.00,Ca. 9.00 - 21.00,Ca. 9.00 - 21.00,Nej,Åbent fra 1. april til 30. september,720734.48,6180149.03,12.514386,55.716726,3.kvartal 2019,aktiv,MULTIPOINT ((12.514385620656677 55.716725551543824))
toilet_tmf_kk.112,265,Moseskellet ,Moseskellet,47,2400,"Moseskellet 47, 2400 København NV",Toilet,Nej,Ja,Ja,Ca. 9.00 - 21.00 (19.00 om vinteren),Ca. 9.00 - 21.00 (19.00 om vinteren),Ca. 9.00 - 21.00 (19.00 om vinteren),Ca. 9.00 - 21.00 (19.00 om vinteren),Ca. 9.00 - 21.00 (19.00 om vinteren),Ca. 9.00 - 21.00 (19.00 om vinteren),Ca. 9.00 - 21.00 (19.00 om vinteren),Nej,0,721234.03935306,6180764.96635738,12.52282,55.722022,3.kvartal 2019,aktiv,MULTIPOINT ((12.522820207092275 55.722021889789374))
toilet_tmf_kk.113,266,Mosesvinget ,Mosesvinget,1,2400,"Mosesvinget 1, 2400 København NV",Toilet,Nej,Nej- Vinterlukket fra 1/10 til 31/3,Ja,Ca. 9.00 - 21.00,Ca. 9.00 - 21.00,Ca. 9.00 - 21.00,Ca. 9.00 - 21.00,Ca. 9.00 - 21.00,Ca. 9.00 - 21.00,Ca. 9.00 - 21.00,Nej,Åbent fra 1. april til 30. september,720156.29135838,6179701.94611652,12.50484,55.712979,3.kvartal 2019,aktiv,MULTIPOINT ((12.504839978094118 55.71297865155547))
toilet_tmf_kk.114,267,Utterslev Torv ,Utterslev Torv,9,2400,"Utterslev Torv 9, 2400 København NV",Pissoir,Nej,Nej- Vinterlukket fra 1/10 til 31/3,Nej,Døgnåbent,Døgnåbent,Døgnåbent,Døgnåbent,Døgnåbent,Døgnåbent,Døgnåbent,Ja,Lukkes når frosten kommer,720931.74702297,6179415.22339519,12.516928,55.710055,3.kvartal 2019,aktiv,MULTIPOINT ((12.516927725050778 55.71005464213073))
toilet_tmf_kk.131,289,Pilesvinget,Pilesvinget,80,2700,"Pilesvinget 80, 2700 Brønshøj",Toilet med handicapadgang,Ja,Ja,Ja,Ca. 9.00 - 21.00 (19.00 om vinteren),Ca. 9.00 - 21.00 (19.00 om vinteren),Ca. 9.00 - 21.00 (19.00 om vinteren),Ca. 9.00 - 21.00 (19.00 om vinteren),Ca. 9.00 - 21.00 (19.00 om vinteren),Ca. 9.00 - 21.00 (19.00 om vinteren),Ca. 9.00 - 21.00 (19.00 om vinteren),Nej,0,719021.17540711,6179179.93216886,12.486389,55.708811,3.kvartal 2019,aktiv,MULTIPOINT ((12.486389371267451 55.70881069857714))
toilet_tmf_kk.115,268,"Hulgårds Plads, legeplads",Hulgårds Plads ,6,2400,"Hulgårds Plads  6, 2400 København NV",Toilet,Nej,Ja,Personalet låser/weekend låsevaten,Følger legepladsens åbningstider,Følger legepladsens åbningstider,Følger legepladsens åbningstider,Følger legepladsens åbningstider,Følger legepladsens åbningstider,Når legepladsen er lukket da ca. ca. 9.00 - 21.00 (19.00 om vinteren),Når legepladsen er lukket da ca. ca. 9.00 - 21.00 (19.00 om vinteren),Nej,"Åbningstider legeplads sommer (uge 18-38): Mandag til fredag kl. 9 til 17.30. Lørdag lukket, søndag kl. 10 til 17. Åbningstider legeplads vinter (uge 39-17): Mandag til fredag kl. 9 til 17. Lørdag og søndag lukket.",721271.48607729,6178844.98915659,12.521864,55.704786,3.kvartal 2019,aktiv,MULTIPOINT ((12.521863866045706 55.70478572433037))
toilet_tmf_kk.116,269,"Degnestavnen, ved legeplads",Degnestavnen,20,2400,"Degnestavnen 20, 2400 København NV",Toilet,Nej,Ja,Personalet låser ,Følger legepladsens åbningstider,Følger legepladsens åbningstider,Følger legepladsens åbningstider,Følger legepladsens åbningstider,Følger legepladsens åbningstider,Følger legepladsens åbningstider,Følger legepladsens åbningstider,Nej,0,721432.28187376,6179503.32721785,12.52495,55.710617,3.kvartal 2019,aktiv,MULTIPOINT ((12.52494987729401 55.71061659080066))
toilet_tmf_kk.117,270,"Valbyparken, ved restaurant",Hammelstrupvej,98,2450,"Hammelstrupvej 98, 2450 København SV",Toilet med handicapadgang,Ja,Ja,Ja,Ca. 9.00 - 21.00 (19.00 om vinteren),Ca. 9.00 - 21.00 (19.00 om vinteren),Ca. 9.00 - 21.00 (19.00 om vinteren),Ca. 9.00 - 21.00 (19.00 om vinteren),Ca. 9.00 - 21.00 (19.00 om vinteren),Ca. 9.00 - 21.00 (19.00 om vinteren),Ca. 9.00 - 21.00 (19.00 om vinteren),Nej,0,721525.82103659,6171838.6068974,12.52025,55.641833,3.kvartal 2019,aktiv,MULTIPOINT ((12.52024996942826 55.64183341620233))
toilet_tmf_kk.118,271,"Valbyparken, ved Rosenhaven",Hammelstrupvej,114,2450,"Hammelstrupvej 114, 2450 København SV",Toilet med handicapadgang,Ja,Nej- Vinterlukket fra 1/10 til 31/3,Ja,Ca. 9.00 - 21.00,Ca. 9.00 - 21.00,Ca. 9.00 - 21.00,Ca. 9.00 - 21.00,Ca. 9.00 - 21.00,Ca. 9.00 - 21.00,Ca. 9.00 - 21.00,Nej,Åbent fra 1. april til 30. september,721499.56927739,6171701.08544371,12.519723,55.640612,3.kvartal 2019,aktiv,MULTIPOINT ((12.51972295829735 55.64061200944224))
toilet_tmf_kk.119,272,Vestre Kirkegård,Vestre Kirkegårds Allé,15,2450,"Vestre Kirkegårds Allé 15, 2450 København SV",Toilet,Nej,Ja,Toilettet låser af sig selv ,7.00 - 22.00 / 7.00 - 19.00,7.00 - 22.00 / 7.00 - 19.00,7.00 - 22.00 / 7.00 - 19.00,7.00 - 22.00 / 7.00 - 19.00,7.00 - 22.00 / 7.00 - 19.00,7.00 - 22.00 / 7.00 - 19.00,7.00 - 22.00 / 7.00 - 19.00,Nej,"Vinterhalvåret (oktober-marts) 07:00-19:00
 Sommerhalvåret (april-september) 07:00-22:00",722072.54570223,6174116.17343763,12.530759,55.66201,3.kvartal 2019,aktiv,MULTIPOINT ((12.530759282555254 55.66201022346012))
toilet_tmf_kk.120,273,"Valbyparken, Naturlegepladsen i Valbyparken",Hammelstrupvej ,41,2450,"Hammelstrupvej  41, 2450 København SV",Toilet,Nej,Ja,Personalet låser/weekend låsevagten,Følger legepladsens åbningstider,Følger legepladsens åbningstider,Følger legepladsens åbningstider,Følger legepladsens åbningstider,Følger legepladsens åbningstider,Når legepladsen er lukket da ca. ca. 9.00 - 21.00 (19.00 om vinteren),Når legepladsen er lukket da ca. ca. 9.00 - 21.00 (19.00 om vinteren),Nej,"Åbningstider legeplads sommer (uge 14-43): Mandag, tirsdag, onsdag og fredag kl. 9 til 17. Torsdag 9 til 19. Lørdag og søndag: lukket. Åbningstider legeplads vinter (uge 44-48 & 5-12): Mandag til fredag kl. 9 til 16.30 Lørdag og søndag: lukket. Sæsomåbning (uge 49-5): Mandag til fredag kl. 9.30-16.30. Lørdag og søndag lukket.  Lukket 15 december til 1. januar.",721484.86279565,6172157.24134006,12.519857,55.64471,3.kvartal 2019,aktiv,MULTIPOINT ((12.519857054890997 55.64470974498491))
toilet_tmf_kk.121,275,Vigerslevparken Syd,Engdals alle,20,2500,"Engdals alle 20, 2500 Valby",Toilet med handicapadgang,Ja,Nej- Vinterlukket fra 1/10 til 31/3,Ja,Ca. 9.00 - 21.00,Ca. 9.00 - 21.00,Ca. 9.00 - 21.00,Ca. 9.00 - 21.00,Ca. 9.00 - 21.00,Ca. 9.00 - 21.00,Ca. 9.00 - 21.00,Nej,Åbent fra 1. april til 30. september,718797.49706424,6173518.8209489,12.478322,55.658138,3.kvartal 2019,aktiv,MULTIPOINT ((12.478321602821147 55.6581381120663))
toilet_tmf_kk.122,276,Vigerslevparken Nord,Engdraget,24,2500,"Engdraget 24, 2500 Valby",Toilet med handicapadgang,Ja,Nej- Vinterlukket fra 1/10 til 31/3,Ja,Ca. 9.00 - 21.00,Ca. 9.00 - 21.00,Ca. 9.00 - 21.00,Ca. 9.00 - 21.00,Ca. 9.00 - 21.00,Ca. 9.00 - 21.00,Ca. 9.00 - 21.00,Nej,Åbent fra 1. april til 30. september,718855.4993055,6174813.39491152,12.480273,55.669723,3.kvartal 2019,aktiv,MULTIPOINT ((12.480273182175992 55.66972285414592))
toilet_tmf_kk.123,277,Toftegårds plads,Toftegårds Plads,2F,2500,"Toftegårds Plads 2F, 2500 Valby",Toilet med handicapadgang,Ja,Ja,Nej,Døgnåbent,Døgnåbent,Døgnåbent,Døgnåbent,Døgnåbent,Døgnåbent,Døgnåbent,Ja,0,721242.17082003,6174054.95923486,12.517536,55.66184,3.kvartal 2019,aktiv,MULTIPOINT ((12.517535703548816 55.66183993739855))
toilet_tmf_kk.124,278,Toftegårds Plads,Toftegårds Plads,6F,2500,"Toftegårds Plads 6F, 2500 Valby",Pissoir,Nej,Nej- Vinterlukket fra 1/10 til 31/3,Nej,Døgnåbent,Døgnåbent,Døgnåbent,Døgnåbent,Døgnåbent,Døgnåbent,Døgnåbent,Ja,Lukkes når frosten kommer,721231.30919284,6174106.33472957,12.517405,55.662306,3.kvartal 2019,aktiv,MULTIPOINT ((12.517404749579082 55.66230564295982))
toilet_tmf_kk.125,279,Valby tingsted,Valby tingsted,1B,2500,"Valby tingsted 1B, 2500 Valby",Toilet med handicapadgang,Ja,Ja,Nej,Døgnåbent,Døgnåbent,Døgnåbent,Døgnåbent,Døgnåbent,Døgnåbent,Døgnåbent,Ja,0,721003.58916306,6174509.73129325,12.514116,55.666027,3.kvartal 2019,aktiv,MULTIPOINT ((12.514116365176406 55.66602712380651))
toilet_tmf_kk.126,280,Vigerslevvej,Vigerslevvej,346,2500,"Vigerslevvej 346, 2500 Valby",Toilet,Nej,Nej- Vinterlukket fra 1/10 til 31/3,Ja,Ca. 9.00 - 21.00,Ca. 9.00 - 21.00,Ca. 9.00 - 21.00,Ca. 9.00 - 21.00,Ca. 9.00 - 21.00,Ca. 9.00 - 21.00,Ca. 9.00 - 21.00,Nej,Åbent fra 1. april til 30. september,719946.49031543,6172238.11578953,12.495525,55.646133,3.kvartal 2019,aktiv,MULTIPOINT ((12.495524968882172 55.64613327637771))
toilet_tmf_kk.127,281,Ålholm Plads,Ålholm Plads,2,2500,"Ålholm Plads 2, 2500 Valby",Toilet,Nej,Ja,Nej,Døgnåbent,Døgnåbent,Døgnåbent,Døgnåbent,Døgnåbent,Døgnåbent,Døgnåbent,Ja,0,719396.07194922,6175137.30141279,12.48911,55.672384,3.kvartal 2019,aktiv,MULTIPOINT ((12.489110410546628 55.6723840991313))
toilet_tmf_kk.128,285,Brønshøj Torv,Krabbesholmvej,2,2700,"Krabbesholmvej 2, 2700 Brønshøj",Toilet med handicapadgang,Ja,Ja,Nej,Døgnåbent,Døgnåbent,Døgnåbent,Døgnåbent,Døgnåbent,Døgnåbent,Døgnåbent,Ja,0,719828.41830522,6178705.55179582,12.498832,55.704191,3.kvartal 2019,aktiv,MULTIPOINT ((12.498831631574145 55.70419107425095))
toilet_tmf_kk.129,286,Husum Torv,Husum Torv,2,2700,"Husum Torv 2, 2700 Brønshøj",Toilet med handicapadgang,Ja,Ja,Nej,Døgnåbent,Døgnåbent,Døgnåbent,Døgnåbent,Døgnåbent,Døgnåbent,Døgnåbent,Ja,0,718084.12920982,6179455.93022521,12.471724,55.711708,3.kvartal 2019,aktiv,MULTIPOINT ((12.471723964210186 55.711708207660756))
toilet_tmf_kk.130,287,"Husumparken, legeplads",Nordrupvej ,16,2700,"Nordrupvej  16, 2700 Brønshøj",Toilet,Nej,Ja,Personalet låser/weekend låsevaten,Følger legepladsens åbningstider,Følger legepladsens åbningstider,Følger legepladsens åbningstider,Følger legepladsens åbningstider,Følger legepladsens åbningstider,Når legepladsen er lukket da ca. ca. 9.00 - 21.00 (19.00 om vinteren),Når legepladsen er lukket da ca. ca. 9.00 - 21.00 (19.00 om vinteren),Nej,"Åbningstider legeplads sommer (uge 18-38): Mandag til fredag kl. 9.30 til 17.30. Lørdag lukket. Søndag kl 10 til 17, på nær hver tredje søndag fra uge 19 til uge 38. Åbningstider legeplads vinter (uge 39-17): Mandag til fredag kl. 9.30 til 16. Lørdag og søndag lukket.",718077.84398311,6178622.26595415,12.47096,55.704234,3.kvartal 2019,aktiv,MULTIPOINT ((12.47096044761589 55.70423400104491))
toilet_tmf_kk.132,290,"Damhusdæmningen,  Engen",Damhusdæmningen,14,2720,"Damhusdæmningen 14, 2720 Vanløse",Toilet,Nej,Nej- Vinterlukket fra 1/10 til 31/3,Ja,Ca. 9.00 - 21.00,Ca. 9.00 - 21.00,Ca. 9.00 - 21.00,Ca. 9.00 - 21.00,Ca. 9.00 - 21.00,Ca. 9.00 - 21.00,Ca. 9.00 - 21.00,Nej,Åbent fra 1. april til 30. september,718014.215407,6176190.16805075,12.468016,55.682449,3.kvartal 2019,aktiv,MULTIPOINT ((12.4680159995384 55.6824493007537))
toilet_tmf_kk.133,291,"Damhusdæmningen, v. kiosk",Damhusdæmningen,2a,2720,"Damhusdæmningen 2a, 2720 Vanløse",Toilet med handicapadgang,Ja,Ja,Ja,Ca. 9.00 - 21.00 (19.00 om vinteren),Ca. 9.00 - 21.00 (19.00 om vinteren),Ca. 9.00 - 21.00 (19.00 om vinteren),Ca. 9.00 - 21.00 (19.00 om vinteren),Ca. 9.00 - 21.00 (19.00 om vinteren),Ca. 9.00 - 21.00 (19.00 om vinteren),Ca. 9.00 - 21.00 (19.00 om vinteren),Nej,0,718338.64208854,6176108.33284872,12.473101,55.68157,3.kvartal 2019,aktiv,MULTIPOINT ((12.473101004813746 55.68156957844119))
toilet_tmf_kk.134,283,Bystævnet v. Vestvolden,Kobbelvænget,15B,2700,"Kobbelvænget 15B, 2700 Brønshøj",Toilet,Nej,Nej- Vinterlukket fra 1/10 til 31/3,Ja,Ca. 9.00 - 21.00,Ca. 9.00 - 21.00,Ca. 9.00 - 21.00,Ca. 9.00 - 21.00,Ca. 9.00 - 21.00,Ca. 9.00 - 21.00,Ca. 9.00 - 21.00,Nej,Åbent fra 1. april til 30. september,718516.61968831,6180059.5151691,12.479076,55.716927,3.kvartal 2019,aktiv,MULTIPOINT ((12.479076303533377 55.71692701645509))
toilet_tmf_kk.135,288,Kagsmosen,Kagsvang,31,2700,"Kagsvang 31, 2700 Brønshøj",Toilet,Nej,Nej- Vinterlukket fra 1/10 til 31/3,Ja,Ca. 9.00 - 21.00,Ca. 9.00 - 21.00,Ca. 9.00 - 21.00,Ca. 9.00 - 21.00,Ca. 9.00 - 21.00,Ca. 9.00 - 21.00,Ca. 9.00 - 21.00,Nej,Åbent fra 1. april til 30. september,717257.75171354,6179269.71083501,12.458448,55.710409,3.kvartal 2019,aktiv,MULTIPOINT ((12.458199978623485 55.71011584097405))
toilet_tmf_kk.136,292,"Nørager Plads, legeplads",Nørager Plads ,23,2720,"Nørager Plads  23, 2720 Vanløse",Toilet med handicapadgang,Ja,Ja,Personalet låser ,Følger legepladsens åbningstider,Følger legepladsens åbningstider,Følger legepladsens åbningstider,Følger legepladsens åbningstider,Følger legepladsens åbningstider,Følger legepladsens åbningstider,Følger legepladsens åbningstider,Nej,Åbningstider legeplads (uge 1-52): Mandag til fredag kl. 9 til 13. Lørdag lukket. Søndagsåbent fra uge 19 og hver tredje uge frem til uge 38 kl. 10-17.,718377.59516328,6177749.58719631,12.475026,55.696272,3.kvartal 2019,aktiv,MULTIPOINT ((12.47502615400401 55.69627227044636))
toilet_tmf_kk.137,293,Elna Munchs Plads ,Elna Munchs Plads ,2,2720,"Elna Munchs Plads  2, 2720 Vanløse",Toilet med handicapadgang,Ja,Ja,Nej,Døgnåbent,Døgnåbent,Døgnåbent,Døgnåbent,Døgnåbent,Døgnåbent,Døgnåbent,Ja,0,718760.67595065,6177232.37513638,12.480697,55.691461,3.kvartal 2019,aktiv,MULTIPOINT ((12.480696816671175 55.6914609959221))
toilet_tmf_kk.138,295,Ryvangens Naturpark,Rymarksvej,75B,2900,"Rymarksvej 75B, 2900 Hellerup",Toilet med handicapadgang,Ja,Nej- Vinterlukket fra 1/10 til 31/3,Ja,Ca. 9.00 - 21.00,Ca. 9.00 - 21.00,Ca. 9.00 - 21.00,Ca. 9.00 - 21.00,Ca. 9.00 - 21.00,Ca. 9.00 - 21.00,Ca. 9.00 - 21.00,Nej,Åbent fra 1. april til 30. september,723791.19675039,6180894.42755603,12.563557,55.72201,3.kvartal 2019,aktiv,MULTIPOINT ((12.563557100425982 55.72200955328571))
toilet_tmf_kk.139,296,"Skydebanehaven, legeplads",Absalonsgade ,12,1658 ,,Toilet med handicapadgang,Ja,Ja,Ja,Ca. 9.00 - 21.00 (19.00 om vinteren),Ca. 9.00 - 21.00 (19.00 om vinteren),Ca. 9.00 - 21.00 (19.00 om vinteren),Ca. 9.00 - 21.00 (19.00 om vinteren),Ca. 9.00 - 21.00 (19.00 om vinteren),Ca. 9.00 - 21.00 (19.00 om vinteren),Ca. 9.00 - 21.00 (19.00 om vinteren),Nej,0,723488.84069214,6175129.10248267,12.554053,55.670445,3.kvartal 2019,aktiv,MULTIPOINT ((12.554052917554431 55.67044512404039))
toilet_tmf_kk.140,297,"Formosavej, trafiklegeplads",Formosavej,2,2300,"Formosavej 2, 2300 København S",Toilet med handicapadgang,Ja,Ja,Ja,Ca. 9.00 - 21.00,Ca. 9.00 - 21.00,Ca. 9.00 - 21.00,Ca. 9.00 - 21.00,Ca. 9.00 - 21.00,Ca. 9.00 - 21.00,Ca. 9.00 - 21.00,Nej,,728220.88890391,6173040.93313131,12.627403,55.64952,3.kvartal 2019,aktiv,MULTIPOINT ((12.627402999944179 55.64952003281376))
toilet_tmf_kk.141,298,Anker Jørgensens Plads,Gustav Bangs Gade,21,2450,"Gustav Bangs Gade 21, 2450 København SV",Toilet,Nej,Ja,Nej,Døgnåbent,Døgnåbent,Døgnåbent,Døgnåbent,Døgnåbent,Døgnåbent,Døgnåbent,Ja,Står indtil Mozarts Plads genåbner i 2024 (Vedtaget af TMU). ,722486.48553982,6172929.67797561,12.536366,55.65118,3.kvartal 2019,aktiv,MULTIPOINT ((12.53636599995549 55.65118003284165))
toilet_tmf_kk.142,294,"Grøndalsparken, Arnestedet legeplads",Grøndals Parkvej,125,2720,"Grøndals Parkvej 125, 2720 Vanløse",Toilet med handicapadgang,Ja,Nej- Vinterlukket fra 1/10 til 31/3,Ja,Ca. 9.00 - 21.00,Ca. 9.00 - 21.00,Ca. 9.00 - 21.00,Ca. 9.00 - 21.00,Ca. 9.00 - 21.00,Ca. 9.00 - 21.00,Ca. 9.00 - 21.00,Nej,Åbent fra 1. april til 30. september,719489.87543022,6176136.36140693,12.491398,55.681302,3.kvartal 2019,aktiv,MULTIPOINT ((12.49155044076044 55.681180198071274))
toilet_tmf_kk.143,299,"Sandkaj, flydende aktivitetshus",Sandkaj,37,2150,"Sandkaj 37, 2150 Nordhavn",Toilet med handicapadgang,Ja,Ja,Ja,Ca. 9.00 - 21.00 (19.00 om vinteren),Ca. 9.00 - 21.00 (19.00 om vinteren),Ca. 9.00 - 21.00 (19.00 om vinteren),Ca. 9.00 - 21.00 (19.00 om vinteren),Ca. 9.00 - 21.00 (19.00 om vinteren),Ca. 9.00 - 21.00 (19.00 om vinteren),Ca. 9.00 - 21.00 (19.00 om vinteren),Nej,,726011.86025441,6179254.9249171,12.597487,55.706277,3.kvartal 2019,aktiv,MULTIPOINT ((12.597487027558072 55.70627720768512))
toilet_tmf_kk.144,238,"Amager Strandpark, Strandprominaden syd",Havkajakvej,14,2300,"Havkajakvej 14, 2300 København S",Toilet med handicapadgang,Ja,Ja (handicaptoilettet er helårsåbent),Driften,Døgnåben (Se bemærkning),Døgnåben (Se bemærkning),Døgnåben (Se bemærkning),Døgnåben (Se bemærkning),Døgnåben (Se bemærkning),Døgnåben (Se bemærkning),Døgnåben (Se bemærkning),Ja,"Vintersæson 1/10 – 31/3: Handicaptoilettet er åben hele døgnet, øvrige toiletter er aflåst. Forårssæson 1/4 – 31/5: Alle toiletter er åbne fra ca. kl. 08.00-15.00. Det handicapvenlige toilet er døgnåbent. Sommersæson 1/6 – 30/9: Alle toiletter er åbne fra ca. kl. 08.00-21.00. Det handicapvenlige toilet er døgnåbent. 
Forårssæson 1/4 – 31/5: Alle toiletter er åbne fra ca. kl. 08.00-15.00. Det handicapvenlige toilet er døgnåbent. 
Sommer sæson 1/6 – 30/9: Alle toiletter er åbne fra ca. kl. 08.00-21.00.. Det handicapvenlige toilet er døgnåbent. 
Forårssæson 1/4 – 31/5: Alle toiletter er åbne fra ca. kl. 08.00-15.00. Det handicapvenlige toilet er døgnåbent. 
Sommer sæson 1/6 – 30/9: Alle toiletter er åbne fra ca. kl. 08.00-21.00. Det handicapvenlige toilet er døgnåbent. 
Vinter sæson 1/10 – 31/3: Handicaptoilettet er åben hele døgnet, øvrige toiletter er aflåst.
Forårssæson 1/4 – 31/5: Alle toiletter er åbne fra ca. kl. 08.00-15.00. Det handicapvenlige toilet er døgnåbent. 
Sommer sæson 1/6 – 30/9: Alle toiletter er åbne fra ca. kl. 08.00-21.00. Det handicapvenlige toilet er døgnåbent. 
",729477.83363621,6172984.49831977,12.647289,55.648422,3.kvartal 2019,aktiv,MULTIPOINT ((12.64728885440403 55.64842240741454))
toilet_tmf_kk.145,242,"Amager Strandvej, Femøren",Amager Strandvej,275,2300,"Amager Strandvej 275, 2300 København S",Toilet,Nej,Nej- Vinterlukket fra 1/10 til 31/3,Driften,Døgnåben (Se bemærkning),Døgnåben (Se bemærkning),Døgnåben (Se bemærkning),Døgnåben (Se bemærkning),Døgnåben (Se bemærkning),Døgnåben (Se bemærkning),Døgnåben (Se bemærkning),Ja,"Vintersæson 1/10 – 31/3: Handicaptoilettet er åben hele døgnet, øvrige toiletter er aflåst. Forårssæson 1/4 – 31/5: Alle toiletter er åbne fra ca. kl. 08.00-15.00. Det handicapvenlige toilet er døgnåbent. Sommersæson 1/6 – 30/9: Alle toiletter er åbne fra ca. kl. 08.00-21.00. Det handicapvenlige toilet er døgnåbent. 
Forårssæson 1/4 – 31/5: Alle toiletter er åbne fra ca. kl. 08.00-15.00. Det handicapvenlige toilet er døgnåbent. 
Sommer sæson 1/6 – 30/9: Alle toiletter er åbne fra ca. kl. 08.00-21.00.  Det handicapvenlige toilet er døgnåbent. 

Forårssæson 1/4 – 31/5: Alle toiletter er åbne fra ca. kl. 08.00-15.00. Det handicapvenlige toilet er døgnåbent. 
Sommer sæson 1/6 – 30/9: Alle toiletter er åbne fra ca. kl. 08.00-21.00. Det handicapvenlige toilet er døgnåbent. 
Vinter sæson 1/10 – 31/3: Handicaptoilettet er åben hele døgnet, øvrige toiletter er aflåst.
Forårssæson 1/4 – 31/5: Alle toiletter er åbne fra ca. kl. 08.00-15.00. Det handicapvenlige toilet er døgnåbent. 
Sommer sæson 1/6 – 30/9: Alle toiletter er åbne fra ca. kl. 08.00-21.00. Det handicapvenlige toilet er døgnåbent. 
",729285.25615956,6172726.59438664,12.64402,55.646201,3.kvartal 2019,aktiv,MULTIPOINT ((12.644019964822611 55.64620055137128))
toilet_tmf_kk.146,284,Solkrogen,Solkrogen ,8,2700,"Solkrogen  8, 2700 Brønshøj",Toilet med handicapadgang,Ja,Nej- Vinterlukket fra 1/10 til 31/3,Ja,Ca. 9.00 - 21.00,Ca. 9.00 - 21.01,Ca. 9.00 - 21.02,Ca. 9.00 - 21.03,Ca. 9.00 - 21.04,Ca. 9.00 - 21.05,Ca. 9.00 - 21.06,Nej,Handicaptoilettet er åben om sommeren. Dame og Here toilet åbnes kun til arrangmenter.,720509.37719736,6178627.16785028,12.509584,55.703179,3.kvartal 2019,aktiv,MULTIPOINT ((12.509697169721068 55.703170554789786))
toilet_tmf_kk.147,202,"Langeliniekaj, yderst på kajen",Langeliniekaj,63,2100,"Langeliniekaj 63, 2100 København Ø",Toilet,Nej,Nej- Vinterlukket fra 1/10 til 31/3,Ja,Ca. 9.00 - 21.00,Ca. 9.00 - 21.00,Ca. 9.00 - 21.00,Ca. 9.00 - 21.00,Ca. 9.00 - 21.00,Ca. 9.00 - 21.00,Ca. 9.00 - 21.00,Nej,Åbent fra 1. april til 30. september,726235.20724205,6178974.21432558,12.600802,55.703656,3.kvartal 2019,aktiv,MULTIPOINT ((12.600720387397615 55.703451482499695))
toilet_tmf_kk.148,302,Kulbanekvateret,Kulbanevej,16,2500,"Kulbanevej 16, 2500 Valby",Toilet,Nej,Ja,Personalet låser,Følger legepladsens åbningstider,Følger legepladsens åbningstider,Følger legepladsens åbningstider,Følger legepladsens åbningstider,Følger legepladsens åbningstider,Følger legepladsens åbningstider,Følger legepladsens åbningstider,Nej,,719575.52804003,6173362.12174324,12.49053,55.65638,3.kvartal 2019,aktiv,MULTIPOINT ((12.490539416228343 55.656381880191766))
toilet_tmf_kk.149,300,Koralbadet,Ben Websters Vej,69,2450,"Ben Websters Vej 69, 2450 København SV",Toilet,Nej,Nej- Vinterlukket fra 1/10 til 31/3,Nej,døgnåben,døgnåben,døgnåben,døgnåben,døgnåben,døgnåben,døgnåben,Ja,KFF ejer toiletbygningen. TMF renholder kun toilettet.,723624.68116675,6172466.58281403,12.554031,55.646499,3.kvartal 2019,aktiv,MULTIPOINT ((12.554041775777453 55.64650476275013))
toilet_tmf_kk.150,301,Sydhavn Station,Ernst kapers vej ,1,2450,"Ernst kapers vej  1, 2450 København SV",Toilet med handicapadgang,Ja,Ja,Nej,Døgnåbent,Døgnåbent,Døgnåbent,Døgnåbent,Døgnåbent,Døgnåbent,Døgnåbent,Ja,,722517.66435926,6173409.96021605,12.537238,55.655464,3.kvartal 2019,aktiv,MULTIPOINT ((12.537249304087863 55.65547309252459))
toilet_tmf_kk.151,176,Rådhuspladsen,Rådhuspladsen,5-7,1550,"Rådhuspladsen 5-7, 1550 København V",Toilet med personale og handicapadgang,Ja,Ja,Personale låser,9.00 - 22.30,9.00 - 22.30,9.00 - 22.30,9.00 - 22.30,9.00 - 22.30,9.00 - 22.30,9.00 - 22.30,Nej,Info om jul/nytår offentliggøres medio december hvert år.,724367.53033397,6175812.49822168,12.568555,55.676169,3.kvartal 2019,aktiv,MULTIPOINT ((12.56855453222624 55.6761688403251))
toilet_tmf_kk.152,282,Brønshøj kirkegård,Brønshøj Kirkevej ,8,2700,"Brønshøj Kirkevej  8, 2700 Brønshøj",Toilet med handicapadgang,Ja,Ja,Toilettet låser af sig selv ,7.00 - 22.00 / 7.00 - 19.00,7.00 - 22.00 / 7.00 - 19.00,7.00 - 22.00 / 7.00 - 19.00,7.00 - 22.00 / 7.00 - 19.00,7.00 - 22.00 / 7.00 - 19.00,7.00 - 22.00 / 7.00 - 19.00,7.00 - 22.00 / 7.00 - 19.00,Nej,"Vinterhalvåret (oktober-marts) 07:00-19:00
 Sommerhalvåret (april-september) 07:00-22:00",719804.94199173,6178878.4278622,12.498597,55.705752,3.kvartal 2019,aktiv,MULTIPOINT ((12.498597446229581 55.70575216899875))
